precinct_id,total,white,black,asian,hispanic,other
0,1890,1361,439,7,31,52
1,1617,561,997,4,15,40
2,1738,981,676,2,11,68
3,925,606,284,3,15,17
4,1391,1179,140,2,13,57
5,602,499,71,0,9,23
6,1909,912,897,1,30,69
7,1127,955,125,4,10,33
8,663,582,47,0,17,17
9,2228,1626,467,12,62,61
10,842,610,191,4,13,24
11,1474,1234,166,2,20,52
12,810,626,160,1,5,18
13,1292,1140,86,8,12,46
14,861,631,185,5,21,19
15,1124,933,82,13,50,46
16,2614,1681,709,56,91,77
17,2403,1611,490,48,169,85
18,1349,498,722,2,65,62
19,1516,214,1170,4,39,89
20,1359,784,494,5,45,31
21,1387,1227,82,38,19,21
22,1270,867,235,37,60,71
23,845,208,576,0,30,31
24,1511,974,377,1,88,71
25,1179,1035,76,3,36,29
26,1795,1396,231,42,60,66
27,1253,956,204,25,30,38
28,1108,720,260,39,49,40
29,1738,1096,458,6,97,81
30,799,629,104,4,33,29
31,1876,886,775,3,106,106
32,1721,1347,239,11,40,84
33,2011,1576,217,16,121,81
34,1548,529,686,13,257,63
35,906,537,289,3,51,26
36,1126,756,146,4,180,40
37,2125,1490,457,5,93,80
38,1817,1567,128,17,54,51
39,1021,818,134,2,27,40
40,1495,733,477,1,234,50
41,768,457,264,3,20,24
42,974,732,203,0,10,29
43,2387,1649,508,17,109,104
44,2333,1555,465,20,169,124
45,1073,840,108,19,47,59
46,1941,1391,298,57,107,88
47,858,551,166,8,68,65
48,1965,1017,768,10,99,71
49,2083,1251,479,72,222,59
50,1595,1211,120,10,213,41
51,1645,757,574,20,222,72
52,1607,1038,390,7,101,71
53,1163,663,401,17,50,32
54,1019,470,355,1,150,43
55,1792,1263,232,1,227,69
56,1296,981,171,5,66,73
57,1757,1339,266,4,76,72
58,1128,803,161,6,87,71
59,1618,1303,203,39,29,44
60,1302,1064,106,31,51,50
61,1145,867,179,14,13,72
62,1040,738,215,7,49,31
63,1380,770,438,9,101,62
64,2014,1441,331,6,134,102
65,1930,623,1078,3,125,101
66,2290,1718,327,10,132,103
67,1314,1209,44,8,21,32
68,1128,903,137,8,34,46
69,2198,447,1571,16,80,84
70,1991,1424,382,34,73,78
71,1182,801,239,21,63,58
72,1531,1306,70,45,48,62
73,1859,1220,512,4,57,66
74,1904,1438,240,32,110,84
75,1215,1114,41,5,30,25
76,1973,1391,396,46,77,63
77,1924,1704,66,46,56,52
78,1211,837,208,30,70,66
79,1339,952,217,72,67,31
80,2134,1615,321,5,139,54
81,1422,924,353,6,68,71
82,2069,1029,878,7,65,90
83,1247,835,307,8,54,43
84,1558,1050,187,6,243,72
85,1363,960,183,7,162,51
86,1099,620,303,6,130,40
87,1783,1589,88,2,60,44
88,1381,1131,108,2,83,57
89,1728,983,591,12,68,74
90,1539,1367,78,13,38,43
91,675,323,315,6,7,24
92,2244,1456,641,4,56,87
93,1419,662,545,10,134,68
94,1092,963,72,16,16,25
95,1287,1084,95,19,38,51
96,1062,826,126,38,40,32
97,779,562,155,17,16,29
98,1564,778,630,17,78,61
99,1048,942,30,20,29,27
100,1653,1086,408,35,62,62
101,805,557,100,3,113,32
102,1064,664,180,8,166,46
103,1143,777,221,23,52,70
104,1168,225,883,4,33,23
105,1099,48,1023,0,13,15
106,615,225,361,7,8,14
107,2018,548,1371,6,76,17
108,308,89,214,0,1,4
109,399,284,98,0,6,11
110,227,112,100,0,6,9
111,856,278,519,0,19,40
112,2223,1459,450,106,143,65
113,1344,1160,72,26,54,32
114,1505,1260,126,17,51,51
115,4374,3389,594,45,239,107
116,1453,779,521,4,73,76
117,1489,768,607,9,48,57
118,2038,557,1319,10,72,80
119,2440,844,1435,15,65,81
120,1844,520,1089,6,142,87
121,2300,1740,340,21,123,76
122,1892,778,914,5,123,72
123,1435,778,467,2,130,58
124,455,426,6,3,7,13
125,2632,2007,426,10,89,100
126,2190,1737,318,18,54,63
127,2423,1957,302,13,58,93
128,931,825,49,0,29,28
129,678,305,344,1,10,18
130,1031,797,168,9,22,35
131,2563,2228,187,7,60,81
132,1896,1619,138,1,65,73
133,2828,2324,353,4,76,71
134,3263,2663,391,27,73,109
135,3242,2338,611,42,116,135
136,1059,753,247,6,22,31
137,3740,2746,402,335,137,120
138,1572,1113,93,33,302,31
139,1258,1178,33,3,11,33
140,1737,1522,74,34,38,69
141,2936,2032,578,108,117,101
142,2186,1776,233,25,73,79
143,1616,1399,135,14,23,45
144,1991,1628,225,5,36,97
145,1668,1529,69,6,25,39
146,1936,1785,32,14,28,77
147,1069,977,72,0,3,17
148,2099,1566,400,31,51,51
149,2253,1408,499,11,252,83
150,2989,2586,220,9,75,99
151,1974,1597,230,8,50,89
152,2137,1883,98,44,61,51
153,2542,2112,187,94,85,64
154,665,606,24,0,7,28
155,749,643,49,1,29,27
156,1646,1402,195,3,16,30
157,1664,1377,112,71,54,50
158,4455,3858,226,46,158,167
159,2085,1808,164,9,33,71
160,1617,1484,59,6,22,46
161,1153,902,131,21,47,52
162,3061,1928,846,13,155,119
163,683,579,56,0,17,31
164,2717,2269,289,16,35,108
165,1341,1016,210,2,57,56
166,2537,2231,94,46,60,106
167,2673,1955,559,6,56,97
168,1998,1708,114,76,53,47
169,1097,960,34,4,49,50
170,3822,2651,748,84,154,185
171,1273,1090,94,2,48,39
172,2314,2028,117,53,51,65
173,3805,3055,281,80,265,124
174,1266,1185,21,4,23,33
175,928,736,152,4,17,19
176,975,805,127,0,5,38
177,3145,2688,168,42,112,135
178,1745,698,884,3,99,61
179,975,876,61,2,9,27
180,2999,2630,106,19,96,148
181,906,805,49,0,17,35
182,1656,1445,87,56,25,43
183,923,865,29,0,16,13
184,1766,1047,453,5,157,104
185,2364,2052,81,7,129,95
186,685,549,93,4,18,21
187,3645,3038,252,18,189,148
188,2675,2072,395,5,116,87
189,3795,3096,183,5,389,122
190,940,891,20,0,9,20
191,179,131,46,0,1,1
192,2531,420,2040,23,10,38
193,344,245,90,0,1,8
194,837,519,287,4,10,17
195,274,180,86,0,5,3
196,80,38,40,0,2,0
197,225,119,93,0,6,7
198,142,124,11,0,4,3
199,134,130,4,0,0,0
200,2080,1051,946,16,6,61
201,400,281,98,2,11,8
202,2182,635,1443,1,30,73
203,1282,265,969,5,18,25
204,937,387,480,22,21,27
205,1979,1137,712,29,41,60
206,1685,980,561,25,46,73
207,1447,549,810,12,28,48
208,1008,350,600,5,20,33
209,612,178,414,0,5,15
210,531,283,214,0,13,21
211,774,708,22,4,18,22
212,967,289,638,2,13,25
213,1023,903,89,2,9,20
214,622,347,217,0,32,26
215,1278,722,514,9,23,10
216,1431,544,799,3,34,51
217,636,432,163,1,12,28
218,1031,609,359,10,24,29
219,1234,532,571,9,82,40
220,1224,930,173,13,44,64
221,1548,1284,126,16,46,76
222,1789,1487,96,21,150,35
223,544,500,22,9,7,6
224,1038,675,65,18,223,57
225,1283,857,83,12,297,34
226,1744,1108,87,25,455,69
227,1137,556,162,11,374,34
228,1794,1151,125,15,457,46
229,1724,1089,157,37,367,74
230,1003,744,66,16,146,31
231,873,647,88,6,114,18
232,2214,857,478,20,796,63
233,1112,984,23,9,68,28
234,1233,1162,25,12,22,12
235,1054,878,36,56,62,22
236,1638,1484,39,15,60,40
237,912,773,48,24,45,22
238,778,652,40,15,53,18
239,1142,899,61,32,96,54
240,1438,1074,123,21,153,67
241,1089,577,174,13,291,34
242,849,727,13,3,88,18
243,1651,817,79,19,703,33
244,1067,894,49,21,65,38
245,1115,948,49,21,69,28
246,1948,1536,85,11,247,69
247,299,274,9,0,12,4
248,616,548,10,1,41,16
249,1211,749,255,39,118,50
250,1623,433,892,20,210,68
251,1140,907,67,6,126,34
252,2170,1266,328,52,389,135
253,1212,769,171,27,188,57
254,943,748,92,13,57,33
255,1157,876,118,51,64,48
256,995,737,153,25,48,32
257,1529,785,381,42,221,100
258,2766,1364,513,88,719,82
259,1067,416,477,5,115,54
260,5236,3266,759,122,899,190
261,1619,759,518,19,239,84
262,754,742,4,2,6,0
263,1105,897,67,19,73,49
264,854,722,70,7,29,26
265,1133,355,718,6,33,21
266,493,456,11,5,2,19
267,916,691,99,10,93,23
268,1370,1310,4,13,21,22
269,831,531,39,10,237,14
270,1104,980,21,8,63,32
271,975,929,10,4,9,23
272,549,530,4,3,4,8
273,887,847,4,10,8,18
274,1699,1039,137,18,456,49
275,1612,991,290,7,281,43
276,1746,1198,140,2,350,56
277,1587,660,169,5,705,48
278,674,597,22,7,21,27
279,1158,374,315,14,425,30
280,922,880,15,6,20,1
281,815,778,2,4,14,17
282,826,792,3,5,13,13
283,1246,1154,23,16,22,31
284,987,927,8,3,33,16
285,1022,980,2,1,18,21
286,983,925,7,9,16,26
287,912,875,11,4,16,6
288,937,882,7,12,14,22
289,1346,1241,13,10,35,47
290,1473,1210,83,29,102,49
291,885,814,19,6,35,11
292,699,657,9,5,23,5
293,986,908,10,14,29,25
294,743,687,12,10,13,21
295,832,804,4,7,11,6
296,934,838,13,7,52,24
297,553,525,10,0,5,13
298,1041,698,194,15,78,56
299,909,459,343,14,69,24
300,731,607,66,11,22,25
301,1301,1096,78,3,81,43
302,990,778,123,5,44,40
303,949,728,171,9,18,23
304,1371,1164,88,27,65,27
305,1218,958,97,15,111,37
306,703,404,175,7,75,42
307,762,680,39,11,21,11
308,916,746,56,3,63,48
309,1548,1504,9,5,10,20
310,1168,810,278,17,41,22
311,1333,1027,128,38,90,50
312,1312,900,302,16,44,50
313,1945,1505,105,59,186,90
314,816,600,80,27,68,41
315,822,738,20,8,33,23
316,1585,1076,298,27,111,73
317,1639,852,552,44,121,70
318,1161,812,75,21,194,59
319,876,747,73,9,29,18
320,623,555,21,7,20,20
321,1127,1059,12,3,34,19
322,1659,893,151,52,516,47
323,1433,668,532,20,153,60
324,933,301,592,6,22,12
325,1630,734,762,3,81,50
326,1219,656,488,5,28,42
327,879,129,715,1,13,21
328,1117,699,174,5,212,27
329,1307,304,922,3,51,27
330,1309,410,788,3,71,37
331,1388,1337,18,6,17,10
332,1272,647,549,3,29,44
333,1382,503,736,1,99,43
334,1122,1063,20,9,11,19
335,1408,1325,35,7,36,5
336,1816,1098,435,57,156,70
337,1138,1081,34,2,8,13
338,928,897,17,0,8,6
339,1328,1291,7,2,16,12
340,1460,1391,23,4,25,17
341,1330,1284,13,6,19,8
342,1201,1113,21,13,31,23
343,631,583,18,11,9,10
344,726,698,9,3,13,3
345,977,487,455,1,4,30
346,276,240,9,3,11,13
347,1678,795,488,61,179,155
348,1470,993,419,6,21,31
349,1715,1449,147,12,33,74
350,2849,1490,885,70,230,174
351,35,32,0,0,0,3
352,1236,336,808,8,48,36
353,3224,2181,504,109,233,197
354,1793,1645,52,12,35,49
355,1522,1211,115,30,75,91
356,1975,1419,315,61,106,74
357,1953,1514,101,20,116,202
358,1096,840,92,25,89,50
359,3047,1722,805,115,191,214
360,2441,1187,817,42,225,170
361,1441,941,392,4,47,57
362,1331,824,415,11,28,53
363,2410,1422,676,67,130,115
364,2353,2085,19,48,148,53
365,1848,1624,108,24,47,45
366,1915,1729,66,31,45,44
367,3167,2823,38,101,111,94
368,2758,1665,538,65,210,280
369,1948,1267,337,90,156,98
370,2616,1489,610,68,296,153
371,697,221,460,0,1,15
372,1805,935,641,39,109,81
373,1449,912,263,39,155,80
374,1981,1480,191,137,89,84
375,2009,1492,161,95,148,113
376,2777,1818,534,70,183,172
377,2674,1849,211,217,186,211
378,1915,1181,418,30,191,95
379,1958,1261,218,47,337,95
380,1920,982,313,53,506,66
381,1880,1397,177,57,176,73
382,2921,942,1050,152,565,212
383,2330,1113,1091,1,55,70
384,1479,935,393,14,68,69
385,3107,1497,942,108,381,179
386,1513,727,376,30,271,109
387,1536,760,688,0,50,38
388,574,292,259,0,4,19
389,898,722,111,0,11,54
390,2690,1430,771,157,175,157
391,1991,1627,78,16,136,134
392,1746,1587,72,0,37,50
393,224,213,1,4,3,3
394,1046,702,312,0,10,22
395,2947,1517,847,136,282,165
396,2409,1480,808,19,41,61
397,2029,1023,783,9,101,113
398,2527,1179,1105,14,84,145
399,1610,1231,266,4,62,47
400,1439,409,959,6,22,43
401,2058,1559,212,48,138,101
402,739,447,175,33,60,24
403,1523,876,480,11,89,67
404,1217,1017,108,1,36,55
405,1973,1638,234,7,24,70
406,1505,941,352,17,110,85
407,1422,291,1091,2,12,26
408,1446,932,230,13,148,123
409,1877,1310,292,22,156,97
410,1542,960,354,23,120,85
411,2279,993,690,154,285,157
412,4682,3281,390,161,632,218
413,755,378,152,105,46,74
414,2072,1350,386,38,180,118
415,399,278,110,0,4,7
416,2275,1045,368,155,581,126
417,1582,337,1176,8,14,47
418,1663,885,672,0,24,82
419,1449,1064,175,54,87,69
420,2861,1410,642,25,592,192
421,1754,1308,176,150,56,64
422,2587,1528,535,104,311,109
423,2263,1291,361,81,394,136
424,1977,1053,559,46,199,120
425,2620,2286,76,34,103,121
426,1661,1105,296,35,128,97
427,1223,525,526,16,46,110
428,2678,1686,729,27,111,125
429,2595,1626,521,86,238,124
430,1397,1064,144,53,58,78
431,1875,1375,246,60,84,110
432,2131,1420,260,51,220,180
433,1654,1284,138,40,88,104
434,2345,1174,832,76,152,111
435,1071,530,394,15,65,67
436,301,217,45,5,25,9
437,327,235,37,11,28,16
438,3016,2250,477,58,140,91
439,1090,781,218,6,45,40
440,696,348,317,2,11,18
441,1277,654,565,0,29,29
442,224,125,79,1,16,3
443,2009,578,1338,3,50,40
444,553,330,187,0,17,19
445,253,152,91,0,8,2
446,1043,629,370,2,24,18
447,333,249,74,0,0,10
448,495,205,270,0,10,10
449,1901,1534,250,0,47,70
450,1549,863,589,6,35,56
451,1363,791,541,2,7,22
452,686,656,1,3,13,13
453,1304,959,210,18,78,39
454,1911,1588,143,62,56,62
455,3713,2637,731,103,147,95
456,1299,844,363,14,31,47
457,1578,1187,261,25,50,55
458,1827,565,1130,16,54,62
459,1253,678,471,12,38,54
460,1077,655,351,12,21,38
461,1432,649,705,3,39,36
462,863,389,431,6,13,24
463,869,830,11,5,16,7
464,1293,899,307,15,34,38
465,902,255,597,2,17,31
466,945,887,9,6,20,23
467,935,762,132,7,17,17
468,944,867,9,23,17,28
469,1578,1257,195,13,63,50
470,2426,2075,165,16,128,42
471,1458,850,475,15,69,49
472,1256,920,242,15,44,35
473,980,575,366,5,14,20
474,1838,764,818,33,124,99
475,6504,3379,1684,196,844,401
476,4119,2033,1439,169,322,156
477,2617,1118,928,179,210,182
478,1278,678,371,57,73,99
479,3746,1495,1237,150,669,195
480,1660,1084,497,1,45,33
481,792,768,1,3,4,16
482,1061,1015,4,8,18,16
483,935,892,0,7,17,19
484,1221,1134,6,17,19,45
485,1537,1465,6,6,27,33
486,1748,1468,128,23,39,90
487,1939,1673,139,27,48,52
488,1284,1146,18,11,33,76
489,1506,1415,7,19,27,38
490,895,813,25,4,13,40
491,1844,1559,117,21,68,79
492,1985,1599,205,44,60,77
493,1914,1626,127,42,49,70
494,2254,1796,273,26,73,86
495,1181,358,724,11,38,50
496,1640,1386,139,15,51,49
497,1598,1459,49,14,37,39
498,890,241,583,7,21,38
499,1366,1269,3,10,43,41
500,841,738,29,17,18,39
501,1575,1108,382,20,30,35
502,2088,1847,99,45,41,56
503,1604,1132,371,17,34,50
504,2240,1914,178,24,54,70
505,1553,1316,135,8,45,49
506,2190,1599,332,10,186,63
507,2651,1347,893,21,290,100
508,5859,4831,360,68,373,227
509,4421,3652,390,25,212,142
510,1803,1067,514,6,158,58
511,1490,730,474,11,222,53
512,1952,1857,20,22,28,25
513,3862,1797,1353,96,428,188
514,2589,1267,967,25,185,145
515,1615,772,802,1,8,32
516,1383,1187,138,6,30,22
517,995,898,9,11,22,55
518,1597,1475,39,23,35,25
519,2910,2552,116,72,93,77
520,1468,1241,117,17,57,36
521,1898,1637,97,45,59,60
522,2245,1904,221,24,49,47
523,708,669,9,3,3,24
524,3114,2755,112,57,99,91
525,1165,1070,27,13,16,39
526,2539,2163,95,87,133,61
527,1391,1230,20,30,71,40
528,1414,1218,125,16,24,31
529,1896,1702,48,51,52,43
530,1674,1354,183,51,49,37
531,2155,1651,274,84,72,74
532,856,756,20,14,37,29
533,1069,972,13,5,32,47
534,599,20,552,1,19,7
535,2872,2539,59,117,81,76
536,1129,1024,29,16,36,24
537,307,278,9,4,4,12
538,1639,1333,209,18,41,38
539,1907,1697,48,66,42,54
540,1575,1217,231,25,52,50
541,2502,2287,20,43,65,87
542,4033,3684,28,78,150,93
543,1818,1550,90,70,48,60
544,5553,4931,132,130,200,160
545,1874,1410,289,59,53,63
546,3540,2475,789,51,139,86
547,1845,1691,40,24,58,32
548,4119,3569,143,110,147,150
549,1706,1536,39,23,32,76
550,1280,1203,11,21,26,19
551,2201,1823,137,30,142,69
552,1124,1016,22,16,33,37
553,895,841,10,6,19,19
554,1047,992,0,7,20,28
555,895,64,778,1,38,14
556,2170,484,988,18,611,69
557,911,786,66,8,19,32
558,1036,871,76,11,48,30
559,1183,188,733,8,218,36
560,856,585,161,20,41,49
561,1754,298,1241,38,135,42
562,1310,560,577,15,96,62
563,1176,230,789,8,117,32
564,2496,670,1261,57,409,99
565,1395,248,939,50,114,44
566,1538,333,1087,2,102,14
567,1021,455,307,21,186,52
568,2105,697,736,34,569,69
569,2023,618,930,27,370,78
570,2667,1193,969,68,330,107
571,4186,1501,1874,151,469,191
572,797,197,495,5,63,37
573,637,100,246,1,247,43
574,2114,509,642,19,898,46
575,2355,715,669,70,840,61
576,2011,525,440,28,946,72
577,1409,966,251,36,95,61
578,2305,666,1226,46,226,141
579,1434,294,988,10,85,57
580,2025,250,1641,17,65,52
581,1552,153,1308,10,65,16
582,1801,206,1480,2,69,44
583,1044,733,193,18,55,45
584,2252,1226,540,50,337,99
585,2106,2052,12,9,17,16
586,751,465,215,12,20,39
587,1281,759,390,22,39,71
588,903,810,31,25,19,18
589,1060,903,94,19,19,25
590,1293,980,181,58,57,17
591,1640,995,355,17,204,69
592,1741,749,773,74,64,81
593,1027,857,115,17,15,23
594,1867,1495,222,21,46,83
595,2219,1067,904,24,123,101
596,349,65,246,4,21,13
597,1231,1052,64,36,38,41
598,3329,2021,846,172,155,135
599,1129,717,238,21,107,46
600,1306,1081,122,16,38,49
601,1247,905,187,28,54,73
602,1534,828,579,14,51,62
603,1967,1212,527,96,65,67
604,1537,965,406,25,58,83
605,5083,3540,964,217,203,159
606,3749,2508,775,107,226,133
607,4177,3188,401,184,230,174
608,1348,585,674,12,31,46
609,2424,1794,370,58,97,105
610,1385,951,183,21,139,91
611,1184,939,118,28,58,41
612,793,609,69,24,38,53
613,2518,2139,222,38,48,71
614,1680,1403,125,39,55,58
615,1630,1289,149,44,67,81
616,5261,4015,493,246,289,218
617,1643,1483,41,22,47,50
618,1305,1226,15,23,13,28
619,1144,1089,8,5,16,26
620,1783,1470,146,33,69,65
621,908,349,506,1,29,23
622,1293,298,946,13,21,15
623,848,240,565,0,25,18
624,1023,522,429,4,38,30
625,1478,679,722,3,36,38
626,2032,1579,345,14,40,54
627,1889,536,1171,7,125,50
628,1427,737,496,2,160,32
629,2398,1615,589,5,109,80
630,1487,1411,7,7,30,32
631,1177,696,419,1,29,32
632,1236,539,619,5,28,45
633,1360,1236,44,4,34,42
634,2400,1218,944,1,170,67
635,1879,1718,54,11,44,52
636,1405,1249,40,11,56,49
637,1196,912,214,2,32,36
638,1628,1381,169,7,28,43
639,2130,1669,342,1,63,55
640,1858,1633,92,2,79,52
641,1016,392,546,4,46,28
642,1395,414,854,11,75,41
643,1303,392,833,3,50,25
644,1665,848,691,31,53,42
645,1699,1026,531,5,61,76
646,1322,938,258,10,54,62
647,1594,1430,77,9,42,36
648,2506,1900,291,55,203,57
649,1704,1514,82,4,31,73
650,1357,808,393,7,108,41
651,467,391,38,1,16,21
652,2122,1626,320,38,81,57
653,1613,1399,105,0,65,44
654,1824,1358,326,20,48,72
655,1092,1004,22,1,26,39
656,1228,602,439,2,139,46
657,973,318,597,6,34,18
658,1106,1035,27,3,6,35
659,1841,1606,95,2,69,69
660,749,715,10,0,8,16
661,1119,967,79,7,31,35
662,1555,805,678,1,26,45
663,812,659,130,0,4,19
664,1017,672,306,0,11,28
665,750,535,188,1,14,12
666,1779,643,1064,9,13,50
667,1083,309,722,10,18,24
668,1594,814,672,20,41,47
669,1097,391,649,4,32,21
670,1262,884,306,1,36,35
671,1274,1001,194,3,30,46
672,1887,809,1013,0,25,40
673,1867,1268,478,8,46,67
674,1357,856,436,5,11,49
675,236,122,94,2,5,13
676,922,731,139,3,15,34
677,1255,929,224,4,43,55
678,1205,904,188,0,53,60
679,1501,986,390,11,35,79
680,1522,1055,328,24,41,74
681,532,419,73,0,7,33
682,637,348,270,1,3,15
683,819,563,205,2,28,21
684,445,388,30,0,14,13
685,590,463,87,1,22,17
686,1933,888,905,4,48,88
687,1064,511,466,14,13,60
688,1548,749,653,3,94,49
689,1521,923,477,42,21,58
690,1341,725,519,27,17,53
691,2024,760,1143,14,51,56
692,1828,860,820,34,18,96
693,2294,1691,525,9,19,50
694,1198,905,186,1,67,39
695,1477,1070,344,3,17,43
696,2336,1572,596,23,78,67
697,1880,1165,438,3,213,61
698,1192,926,55,0,162,49
699,430,329,67,1,12,21
700,941,833,63,0,17,28
701,2490,1314,811,18,266,81
702,2393,1338,828,11,149,67
703,857,651,172,3,7,24
704,372,309,33,0,8,22
705,1279,894,316,1,27,41
706,691,505,151,0,6,29
707,754,599,135,0,5,15
708,920,460,385,2,47,26
709,584,483,79,0,11,11
710,150,103,37,0,6,4
711,516,342,147,1,9,17
712,554,135,397,6,10,6
713,1812,1051,646,7,51,57
714,665,314,309,3,20,19
715,774,609,127,0,28,10
716,393,314,55,0,8,16
717,2822,2235,435,17,36,99
718,787,256,502,3,12,14
719,1050,427,565,9,20,29
720,1426,841,462,57,28,38
721,1583,236,1266,15,42,24
722,1225,501,639,15,30,40
723,1469,559,851,0,45,14
724,279,152,112,0,6,9
725,262,64,182,10,2,4
726,1026,386,589,3,30,18
727,284,96,166,0,15,7
728,2431,1533,741,17,45,95
729,482,146,316,1,5,14
730,1096,219,834,4,25,14
731,1095,750,290,0,28,27
732,1364,520,775,5,35,29
733,568,433,91,0,36,8
734,331,194,110,0,20,7
735,1026,453,507,0,17,49
736,625,367,227,0,12,19
737,1982,1420,424,6,39,93
738,396,179,197,0,5,15
739,1186,1096,46,3,9,32
740,913,261,627,1,8,16
741,1108,383,678,0,26,21
742,798,569,167,1,21,40
743,602,445,130,0,19,8
744,367,121,232,0,1,13
745,1168,937,92,4,38,97
746,771,414,319,2,9,27
747,1638,1063,469,0,46,60
748,1195,569,507,36,29,54
749,279,199,62,1,3,14
750,687,451,198,0,19,19
751,742,214,494,0,16,18
752,1195,837,275,3,24,56
753,307,164,133,0,5,5
754,702,542,88,2,16,54
755,762,523,183,1,25,30
756,787,611,114,1,20,41
757,1480,767,613,28,45,27
758,1543,662,743,6,90,42
759,1505,337,1094,2,25,47
760,1723,1101,445,31,63,83
761,1665,1246,292,22,62,43
762,1600,871,590,1,65,73
763,312,204,99,0,4,5
764,475,381,55,5,26,8
765,1897,1200,630,0,29,38
766,660,137,479,0,26,18
767,756,464,256,1,20,15
768,1465,1111,246,8,59,41
769,818,622,160,2,11,23
770,359,156,176,1,4,22
771,1719,638,1015,3,19,44
772,3127,1928,1034,34,41,90
773,1447,508,897,1,19,22
774,1697,229,1416,3,30,19
775,2085,1227,765,0,26,67
776,1565,598,906,3,11,47
777,1638,1314,197,18,48,61
778,1034,340,619,8,37,30
779,2520,1683,696,36,36,69
780,1360,41,1286,0,1,32
781,1543,795,650,9,49,40
782,2857,2355,331,48,37,86
783,1776,1126,569,6,35,40
784,3014,1525,1370,2,43,74
785,968,635,289,0,24,20
786,1902,1663,151,5,36,47
787,1511,851,590,5,14,51
788,840,296,507,0,8,29
789,1587,989,529,9,24,36
790,742,273,440,0,14,15
791,1873,934,865,0,16,58
792,1224,1096,72,1,16,39
793,1066,720,303,1,17,25
794,2292,1238,950,3,61,40
795,716,287,396,0,11,22
796,1088,698,332,0,24,34
797,303,170,119,0,3,11
798,427,144,189,0,8,86
799,2192,1678,402,26,28,58
800,670,529,106,1,12,22
801,577,406,132,1,10,28
802,1094,602,393,4,32,63
803,612,333,255,1,11,12
804,1412,794,546,1,17,54
805,2844,1352,1335,6,31,120
806,712,257,358,2,62,33
807,401,211,167,1,3,19
808,225,98,98,0,5,24
809,2495,1048,1181,2,105,159
810,386,266,91,0,4,25
811,1220,880,251,0,33,56
812,1078,408,569,1,42,58
813,504,318,150,1,15,20
814,1791,414,1264,0,41,72
815,2548,556,1798,3,73,118
816,1401,792,443,32,64,70
817,1704,1020,450,51,93,90
818,1547,908,381,19,122,117
819,778,708,25,12,14,19
820,698,487,128,9,43,31
821,1173,968,92,22,23,68
822,2591,1531,574,148,197,141
823,2407,1749,399,60,103,96
824,944,603,205,11,51,74
825,1259,1087,53,24,46,49
826,1600,1343,136,24,35,62
827,744,576,90,14,20,44
828,1563,1036,333,29,72,93
829,1631,1047,383,17,74,110
830,1128,713,241,23,104,47
831,804,605,114,10,28,47
832,2186,1538,447,16,81,104
833,2271,1175,818,23,110,145
834,1629,1381,80,22,56,90
835,1823,1236,406,18,75,88
836,1804,1536,102,33,78,55
837,2998,2059,427,39,322,151
838,2110,1320,425,16,210,139
839,1534,703,597,27,115,92
840,1696,1160,321,44,96,75
841,930,646,191,13,40,40
842,3613,2231,690,194,293,205
843,2580,1553,630,77,187,133
844,1776,1168,265,99,132,112
845,3249,2254,716,24,125,130
846,924,722,92,10,39,61
847,786,392,356,1,15,22
848,1280,923,243,7,40,67
849,949,859,49,10,8,23
850,2658,2178,241,22,111,106
851,1746,1052,503,21,91,79
852,1581,1100,279,36,89,77
853,1179,697,398,2,32,50
854,1605,1150,323,19,32,81
855,1093,750,255,0,34,54
856,1259,835,351,1,26,46
857,1412,905,326,23,69,89
858,1658,998,429,23,91,117
859,932,540,348,2,7,35
860,779,477,247,3,25,27
861,646,189,426,4,11,16
862,962,414,500,7,11,30
863,705,596,32,9,35,33
864,616,394,142,13,39,28
865,676,527,92,7,23,27
866,1715,1156,338,67,81,73
867,2122,1291,493,123,107,108
868,1666,1208,266,25,73,94
869,2563,707,1002,92,639,123
870,2260,1639,273,66,133,149
871,1044,922,52,11,35,24
872,775,667,51,5,24,28
873,482,347,82,7,24,22
874,1585,799,659,14,56,57
875,4277,2338,1074,268,381,216
876,1406,915,218,123,90,60
877,2133,611,1147,50,215,110
878,1078,625,402,4,22,25
879,1018,535,242,0,51,190
880,1791,624,1068,7,53,39
881,1419,789,579,1,19,31
882,1107,732,301,1,22,51
883,612,500,46,5,24,37
884,1631,1217,180,18,139,77
885,1404,1189,98,9,61,47
886,1369,648,633,6,27,55
887,816,492,263,12,11,38
888,1130,903,131,10,45,41
889,1025,660,204,20,63,78
890,1574,909,436,33,116,80
891,1645,860,582,31,90,82
892,1862,1132,568,15,87,60
893,1054,795,132,29,39,59
894,1196,784,275,20,60,57
895,1047,554,264,83,94,52
896,828,370,324,24,55,55
897,601,252,339,0,4,6
898,3566,1355,1817,9,292,93
899,976,609,330,7,16,14
900,1039,767,207,3,36,26
901,1248,556,624,6,25,37
902,1499,452,746,7,266,28
903,3819,3048,451,16,126,178
904,2655,2158,312,24,64,97
905,448,221,206,0,7,14
906,1669,794,728,5,95,47
907,2229,1028,1041,4,88,68
908,1026,940,27,5,19,35
909,92,31,56,1,2,2
910,405,75,314,0,3,13
911,348,252,65,3,15,13
912,1435,1181,189,11,9,45
913,300,91,206,0,0,3
914,77,52,20,0,4,1
915,1882,758,1063,3,10,48
916,911,329,535,1,27,19
917,366,78,272,0,1,15
918,594,147,418,0,5,24
919,714,337,346,1,15,15
920,932,543,346,5,9,29
921,604,182,404,0,12,6
922,74,38,35,0,0,1
923,2450,997,1307,8,43,95
924,939,471,413,2,25,28
925,778,209,538,0,16,15
926,242,68,173,0,0,1
927,1266,486,641,30,59,50
928,1635,476,1073,10,31,45
929,1119,591,453,9,29,37
930,144,41,98,0,1,4
931,858,533,270,1,20,34
932,931,266,635,5,13,12
933,919,474,407,1,19,18
934,2228,1517,600,12,42,57
935,3030,1732,1063,53,79,103
936,1115,851,173,2,64,25
937,1308,984,196,1,94,33
938,3419,1570,1373,168,172,136
939,1844,1439,239,98,41,27
940,3852,2806,652,178,123,93
941,2901,1738,891,128,74,70
942,1610,1058,309,147,47,49
943,1371,939,354,0,22,56
944,1948,1402,461,8,34,43
945,1199,883,230,3,60,23
946,1242,88,1125,0,10,19
947,803,29,748,0,7,19
948,1107,662,362,8,25,50
949,2910,2063,578,81,84,104
950,2408,1581,634,73,56,64
951,636,146,465,1,6,18
952,1554,314,1160,5,28,47
953,1483,61,1356,0,15,51
954,961,593,282,21,39,26
955,1378,478,784,11,51,54
956,877,667,114,20,43,33
957,2143,1401,593,54,49,46
958,1920,1629,182,33,40,36
959,1576,22,1514,0,7,33
960,617,509,92,0,3,13
961,2569,473,1926,13,86,71
962,2546,1267,1127,24,63,65
963,822,696,84,3,26,13
964,610,462,124,0,17,7
965,2530,1737,671,7,42,73
966,1092,538,523,3,13,15
967,1607,337,1219,3,19,29
968,1334,826,436,10,24,38
969,1776,622,1029,38,38,49
970,2005,114,1794,1,52,44
971,373,220,134,0,5,14
972,4227,2003,1928,8,136,152
973,1735,1190,421,22,42,60
974,953,667,233,0,26,27
975,659,278,356,0,13,12
976,1245,976,191,0,37,41
977,1468,842,556,8,25,37
978,1198,875,242,4,45,32
979,732,225,455,8,22,22
980,486,461,9,1,6,9
981,1049,319,688,4,13,25
982,740,633,61,4,27,15
983,4711,2356,2096,63,106,90
984,1032,588,395,1,10,38
985,3359,1935,1191,85,87,61
986,2194,496,1556,8,95,39
987,1104,39,1028,0,10,27
988,2037,1241,700,5,46,45
989,1680,280,1329,6,20,45
990,1532,778,628,8,68,50
991,699,559,122,3,2,13
992,3833,2404,966,179,167,117
993,1609,1104,331,115,25,34
994,1850,627,1135,5,43,40
995,1186,491,620,3,54,18
996,1315,1184,82,1,21,27
997,1908,1513,226,19,123,27
998,1714,378,1302,0,12,22
999,282,177,83,1,7,14
1000,1112,413,661,1,17,20
1001,974,38,892,2,25,17
1002,917,643,246,0,7,21
1003,877,621,199,10,29,18
1004,1624,239,1269,8,63,45
1005,550,388,132,11,14,5
1006,2029,1272,581,17,99,60
1007,1287,1017,167,7,57,39
1008,597,488,85,4,9,11
1009,3533,3275,75,35,66,82
1010,2593,2185,285,11,48,64
1011,1089,978,64,2,10,35
1012,1684,1580,8,7,38,51
1013,407,38,357,0,1,11
1014,3199,2988,82,9,53,67
1015,3816,2875,718,18,109,96
1016,2530,2309,107,13,49,52
1017,2756,2537,67,9,54,89
1018,2948,2769,24,14,60,81
1019,706,208,468,1,10,19
1020,722,399,188,2,113,20
1021,726,248,460,3,12,3
1022,931,604,293,0,5,29
1023,660,460,173,2,14,11
1024,988,237,700,5,38,8
1025,1318,299,961,1,40,17
1026,2196,1064,980,4,100,48
1027,1115,920,129,6,40,20
1028,2116,814,667,3,597,35
1029,1341,1199,38,14,43,47
1030,3007,2394,106,276,130,101
1031,2073,1454,136,93,324,66
1032,1879,1411,201,3,123,141
1033,2072,223,1573,6,220,50
1034,3222,2488,262,142,209,121
1035,1219,396,620,18,132,53
1036,2534,1097,619,42,705,71
1037,2090,1737,122,77,86,68
1038,2142,1493,246,71,261,71
1039,1596,1349,100,43,65,39
1040,1380,971,218,55,79,57
1041,2729,2158,99,278,102,92
1042,1905,454,950,11,422,68
1043,3139,2609,167,34,227,102
1044,2461,1395,681,12,295,78
1045,3101,2375,288,158,174,106
1046,1844,1599,84,10,81,70
1047,2647,1557,669,41,261,119
1048,3001,2602,102,24,124,149
1049,2692,1858,392,66,264,112
1050,1732,1573,34,35,43,47
1051,1637,481,886,12,185,73
1052,2086,1562,198,77,159,90
1053,3032,2645,147,10,112,118
1054,2910,2060,238,180,362,70
1055,2746,2490,74,15,69,98
1056,2520,1914,223,79,201,103
1057,3681,2590,378,99,462,152
1058,1928,1096,342,353,101,36
1059,2380,2078,97,10,114,81
1060,3906,2392,1046,24,339,105
1061,2083,1381,443,13,158,88
1062,2137,1805,106,18,148,60
1063,1749,1473,113,10,85,68
1064,5316,4360,423,123,265,145
1065,2333,2195,21,1,50,66
1066,3132,2129,184,350,363,106
1067,1735,1441,130,33,66,65
1068,1868,1317,331,26,123,71
1069,1780,1534,72,39,63,72
1070,3839,2697,829,45,181,87
1071,2096,289,1670,16,45,76
1072,1940,1747,51,19,75,48
1073,1610,1428,92,16,32,42
1074,1482,1401,15,13,21,32
1075,2535,692,1630,12,143,58
1076,1246,1090,56,10,50,40
1077,1563,1449,42,20,26,26
1078,2352,2142,80,14,67,49
1079,2147,1856,172,25,41,53
1080,6205,4259,983,237,440,286
1081,2807,1364,619,89,620,115
1082,2404,1213,807,38,249,97
1083,2708,2184,125,152,167,80
1084,1343,735,428,30,115,35
1085,2798,857,1450,70,292,129
1086,2515,2220,97,24,74,100
1087,3369,1623,1069,29,538,110
1088,3176,2308,598,54,122,94
1089,999,241,451,6,257,44
1090,3506,1470,1424,24,483,105
1091,3871,2259,1233,44,219,116
1092,2573,1183,899,8,406,77
1093,2650,2031,349,52,128,90
1094,1359,1090,85,58,48,78
1095,1969,1871,12,3,29,54
1096,2730,1965,258,148,243,116
1097,4092,2159,809,43,930,151
1098,2734,2012,396,46,208,72
1099,2881,1639,808,54,271,109
1100,1690,1425,78,18,104,65
1101,1828,1392,238,38,105,55
1102,3310,2055,454,34,635,132
1103,2299,1930,155,14,58,142
1104,2396,1472,574,106,139,105
1105,5194,3381,789,342,483,199
1106,2666,1313,832,61,351,109
1107,3708,2373,856,73,241,165
1108,3844,2287,907,188,286,176
1109,2348,1519,435,51,227,116
1110,1937,1404,156,191,118,68
1111,2771,2340,160,92,100,79
1112,4233,1705,588,17,1807,116
1113,4144,2595,922,104,385,138
1114,2186,1953,49,18,76,90
1115,2661,2398,73,12,80,98
1116,2819,623,1188,5,944,59
1117,3462,2624,459,54,222,103
1118,2168,1693,205,62,137,71
1119,2786,2227,152,173,128,106
1120,3440,3051,78,29,140,142
1121,2389,1624,390,123,150,102
1122,1446,1269,30,14,72,61
1123,2155,1795,133,85,78,64
1124,1104,946,37,26,54,41
1125,3902,2594,870,22,234,182
1126,1529,1284,109,2,93,41
1127,4058,2978,388,47,515,130
1128,3866,2459,790,88,357,172
1129,3193,1494,1014,64,519,102
1130,3625,1925,1275,12,254,159
1131,2364,2057,86,54,99,68
1132,2892,1815,262,354,326,135
1133,3262,2177,495,82,382,126
1134,2506,1546,493,172,206,89
1135,1811,1652,46,29,44,40
1136,1799,385,1213,5,133,63
1137,1795,1190,267,9,266,63
1138,3677,3250,114,19,188,106
1139,2895,2252,193,52,287,111
1140,2203,1842,84,103,102,72
1141,3114,2040,565,52,340,117
1142,2525,1660,469,56,222,118
1143,2979,2298,314,42,206,119
1144,2441,1383,591,14,344,109
1145,2710,1519,712,77,290,112
1146,3002,2010,528,54,287,123
1147,3061,2796,19,9,115,122
1148,4222,3624,134,15,229,220
1149,2553,1393,730,7,379,44
1150,2751,2046,225,159,215,106
1151,2921,1875,515,86,338,107
1152,1943,1375,306,29,167,66
1153,2750,1815,452,81,304,98
1154,2039,1666,95,112,102,64
1155,3754,2673,347,172,449,113
1156,2147,1940,34,48,73,52
1157,3377,2218,536,29,450,144
1158,3261,2567,363,53,202,76
1159,3535,1530,1108,11,777,109
1160,2673,1483,657,91,342,100
1161,4121,2872,424,375,314,136
1162,4176,3746,115,26,163,126
1163,2714,2063,243,109,193,106
1164,3298,1976,700,47,459,116
1165,2665,2121,274,36,103,131
1166,2033,1660,205,8,69,91
1167,2823,2518,106,11,69,119
1168,1979,1299,346,30,229,75
1169,2384,1706,335,38,216,89
1170,3336,1895,367,133,823,118
1171,5966,4439,591,224,482,230
1172,2504,2078,257,7,87,75
1173,3436,1336,1126,8,841,125
1174,1739,1400,110,44,132,53
1175,2795,1504,394,26,768,103
1176,3731,1594,731,34,1260,112
1177,3268,1761,1168,31,144,164
1178,2776,2148,249,163,149,67
1179,1443,1123,247,14,34,25
1180,894,687,176,1,11,19
1181,1362,1088,150,24,41,59
1182,872,222,515,8,111,16
1183,1670,142,1188,1,317,22
1184,1203,853,221,49,32,48
1185,255,161,77,0,14,3
1186,1134,877,161,3,41,52
1187,1512,626,784,15,41,46
1188,1139,617,475,2,14,31
1189,1302,1165,62,9,21,45
1190,757,151,532,11,35,28
1191,595,468,92,2,16,17
1192,801,637,124,1,12,27
1193,1880,645,899,14,278,44
1194,1194,740,383,1,33,37
1195,948,385,495,7,21,40
1196,737,668,40,5,3,21
1197,1042,897,88,5,12,40
1198,1168,616,442,21,46,43
1199,1079,713,238,23,78,27
1200,978,768,161,5,32,12
1201,850,544,231,33,11,31
1202,1528,1205,264,4,25,30
1203,1376,589,647,7,100,33
1204,1418,921,378,4,85,30
1205,1242,576,419,3,212,32
1206,2942,1808,907,31,147,49
1207,1330,238,809,6,231,46
1208,1213,1142,29,9,17,16
1209,785,176,449,1,147,12
1210,805,716,46,10,15,18
1211,1022,681,250,30,34,27
1212,1420,549,605,8,206,52
1213,1082,856,151,15,35,25
1214,1178,630,381,3,122,42
1215,1002,608,338,5,19,32
1216,876,756,77,1,16,26
1217,1404,941,333,29,53,48
1218,1024,626,317,0,71,10
1219,1063,683,279,19,31,51
1220,282,182,79,1,10,10
1221,914,721,151,2,14,26
1222,776,655,82,3,18,18
1223,383,327,38,3,8,7
1224,1332,1113,90,68,27,34
1225,953,857,50,11,16,19
1226,177,126,39,0,8,4
1227,1009,479,488,7,23,12
1228,908,578,254,7,23,46
1229,256,198,56,0,2,0
1230,825,628,176,0,4,17
1231,685,439,217,0,11,18
1232,596,343,227,2,7,17
1233,804,380,386,0,15,23
1234,468,214,237,0,6,11
1235,3423,687,2300,20,376,40
1236,350,105,225,0,13,7
1237,155,49,100,0,4,2
1238,331,42,273,2,8,6
1239,1266,617,579,17,20,33
1240,1569,914,585,31,20,19
1241,315,272,33,2,1,7
1242,91,89,2,0,0,0
1243,74,49,22,0,1,2
1244,383,53,324,0,3,3
1245,2043,863,1106,4,31,39
1246,1074,398,614,1,23,38
1247,3120,2234,550,11,192,133
1248,913,777,81,9,21,25
1249,201,93,78,4,13,13
1250,2267,1941,220,8,43,55
1251,1767,1152,481,5,70,59
1252,3774,3188,312,53,102,119
1253,1464,1124,232,15,53,40
1254,2180,1814,162,13,66,125
1255,2599,2397,42,34,41,85
1256,2471,2332,18,15,45,61
1257,2004,1745,108,24,56,71
1258,2054,1878,35,31,50,60
1259,3339,2965,118,26,119,111
1260,2712,2272,137,70,142,91
1261,3581,2803,262,112,208,196
1262,2514,2016,278,54,101,65
1263,2000,1668,116,3,121,92
1264,2689,2369,109,23,92,96
1265,1431,1334,46,2,26,23
1266,4364,3139,807,45,223,150
1267,1330,361,770,5,129,65
1268,2611,961,839,156,439,216
1269,619,513,69,0,12,25
1270,2191,1857,73,17,171,73
1271,1850,1442,284,1,72,51
1272,3976,3446,135,95,158,142
1273,1477,1314,78,3,31,51
1274,1730,1214,374,6,63,73
1275,3151,2855,72,71,58,95
1276,2135,2002,27,27,43,36
1277,1104,1027,18,18,28,13
1278,1379,1042,187,13,74,63
1279,3420,2250,948,23,108,91
1280,2544,2238,148,31,69,58
1281,3331,2404,334,90,328,175
1282,5812,4534,487,131,291,369
1283,3617,2981,154,133,187,162
1284,2486,1895,159,31,263,138
1285,2091,1761,72,19,154,85
1286,4086,3395,244,36,220,191
1287,2641,1840,427,14,229,131
1288,245,207,18,0,15,5
1289,2499,2332,13,7,40,107
1290,1283,1230,2,4,12,35
1291,2301,2183,39,8,36,35
1292,1477,1365,16,3,42,51
1293,2567,2274,62,32,99,100
1294,1207,839,298,0,29,41
1295,1920,1599,173,0,77,71
1296,1984,1418,330,26,139,71
1297,1656,1485,75,6,27,63
1298,427,264,131,0,8,24
1299,791,677,43,3,39,29
1300,4128,2681,1173,20,106,148
1301,890,715,124,3,13,35
1302,2371,1511,223,36,494,107
1303,1603,1329,81,27,72,94
1304,2102,1875,64,40,69,54
1305,3040,2655,90,61,127,107
1306,2690,2000,273,14,297,106
1307,2685,1928,354,45,238,120
1308,2553,1838,168,59,400,88
1309,2564,2123,122,88,97,134
1310,1970,1135,721,3,49,62
1311,2183,1935,62,5,85,96
1312,3940,3395,222,37,151,135
1313,1872,1728,73,4,19,48
1314,1007,757,190,2,24,34
1315,1760,1376,251,19,63,51
1316,2456,2225,66,12,80,73
1317,3063,2892,38,17,59,57
1318,4869,4090,340,56,204,179
1319,1569,1393,82,0,53,41
1320,1579,1129,358,2,57,33
1321,773,608,63,2,55,45
1322,1582,1370,88,24,66,34
1323,1977,1488,210,34,152,93
1324,2020,1754,85,22,91,68
1325,2093,1801,105,53,71,63
1326,2868,2460,147,42,99,120
1327,3540,2592,608,17,207,116
1328,2080,1694,243,28,56,59
1329,2056,1340,491,55,82,88
1330,1206,973,120,19,47,47
1331,2482,2239,53,27,81,82
1332,1886,1734,34,19,46,53
1333,2074,1974,32,9,28,31
1334,1622,1441,35,23,67,56
1335,2040,1813,52,25,101,49
1336,2545,1875,239,59,261,111
1337,5032,4065,258,85,378,246
1338,812,681,58,0,39,34
1339,790,634,72,1,59,24
1340,1032,902,84,0,19,27
1341,613,79,514,1,2,17
1342,1795,927,730,10,65,63
1343,2124,669,1282,16,98,59
1344,1358,923,301,4,61,69
1345,4349,2781,1040,61,292,175
1346,2871,2043,335,56,332,105
1347,3734,3080,189,98,167,200
1348,2758,2375,112,24,126,121
1349,2768,1762,414,62,310,220
1350,3241,1403,645,42,984,167
1351,4410,3501,314,99,287,209
1352,1656,1453,73,2,57,71
1353,2535,1999,179,61,168,128
1354,2419,1863,99,14,329,114
1355,4524,3845,193,72,255,159
1356,2071,1386,106,38,450,91
1357,2742,2560,29,11,49,93
1358,959,903,13,4,14,25
1359,2859,2494,101,58,76,130
1360,2983,2670,57,64,93,99
1361,1499,913,478,3,62,43
1362,2298,2017,78,22,77,104
1363,1780,1386,225,1,98,70
1364,5480,4236,466,90,442,246
1365,2451,1208,1048,21,88,86
1366,1042,556,383,11,31,61
1367,1141,482,564,15,41,39
1368,898,784,51,4,29,30
1369,5392,4124,512,81,454,221
1370,1617,1443,44,10,74,46
1371,2930,2720,61,19,63,67
1372,488,125,347,2,9,5
1373,661,321,294,0,37,9
1374,1330,732,441,7,99,51
1375,3445,1079,1820,17,477,52
1376,758,562,153,0,16,27
1377,474,380,49,0,35,10
1378,1588,432,459,16,626,55
1379,1168,313,437,13,367,38
1380,2298,824,950,11,444,69
1381,401,383,5,7,5,1
1382,912,449,312,7,104,40
1383,1624,1092,230,19,249,34
1384,726,109,510,5,69,33
1385,1284,789,255,21,178,41
1386,1425,575,486,14,298,52
1387,1017,553,321,2,125,16
1388,2744,2595,25,19,57,48
1389,759,303,366,2,48,40
1390,1524,1008,384,1,94,37
1391,936,657,234,4,13,28
1392,1475,961,414,6,48,46
1393,1826,1525,196,4,37,64
1394,1740,792,819,29,56,44
1395,464,307,127,2,15,13
1396,869,716,99,10,21,23
1397,616,240,310,2,38,26
1398,1091,800,180,4,73,34
1399,2006,1467,399,4,73,63
1400,1609,948,561,1,49,50
1401,2330,1665,354,21,161,129
1402,2579,1831,531,23,93,101
1403,1940,1332,413,20,71,104
1404,1496,1050,289,22,71,64
1405,2390,1627,491,15,163,94
1406,1672,1131,292,11,153,85
1407,1471,877,425,16,75,78
1408,1802,1301,411,3,55,32
1409,614,492,93,2,6,21
1410,1546,1011,416,9,53,57
1411,2038,1460,409,11,83,75
1412,1699,1371,214,11,44,59
1413,1397,1117,155,25,57,43
1414,1686,922,523,10,152,79
1415,2103,1736,251,5,39,72
1416,1069,297,693,7,45,27
1417,1613,1223,271,4,32,83
1418,958,654,269,1,11,23
1419,1906,1182,581,19,72,52
1420,2009,1564,310,5,50,80
1421,1990,1322,483,11,93,81
1422,1803,1298,434,4,26,41
1423,1029,829,150,6,17,27
1424,4298,3088,458,196,382,174
1425,2351,2059,170,6,41,75
1426,978,858,70,0,18,32
1427,621,428,166,2,9,16
1428,1820,385,1277,6,114,38
1429,1421,1093,213,17,47,51
1430,2369,1558,645,9,103,54
1431,1511,1061,309,2,72,67
1432,2302,1176,835,2,225,64
1433,2317,1329,856,4,66,62
1434,1505,1310,102,18,39,36
1435,3625,2598,295,336,258,138
1436,1134,679,397,1,14,43
1437,2529,1680,685,8,90,66
1438,2302,1788,216,66,158,74
1439,2035,1325,608,5,29,68
1440,1594,1356,186,3,18,31
1441,2454,2323,36,18,49,28
1442,2625,1060,1325,13,134,93
1443,2932,1746,856,9,255,66
1444,2342,1630,418,33,210,51
1445,1466,1011,398,3,27,27
1446,3514,2447,305,212,387,163
1447,3091,2317,294,127,242,111
1448,1627,1435,130,1,15,46
1449,2672,2118,210,80,160,104
1450,921,600,260,3,28,30
1451,1984,1542,172,59,154,57
1452,3083,1499,1176,11,303,94
1453,2808,2614,69,30,58,37
1454,1440,1244,118,0,22,56
1455,1634,1294,220,6,48,66
1456,1359,1039,138,33,126,23
1457,1112,832,192,6,49,33
1458,1357,875,381,20,44,37
1459,1252,846,252,2,83,69
1460,919,838,48,0,7,26
1461,1959,1258,601,19,30,51
1462,2349,1679,508,33,76,53
1463,1824,1417,307,20,49,31
1464,1831,740,974,27,31,59
1465,2443,1745,368,3,219,108
1466,1948,1370,474,0,52,52
1467,737,661,51,4,7,14
1468,1664,1053,401,3,139,68
1469,1990,1660,176,8,81,65
1470,2785,2463,124,3,95,100
1471,2296,1782,335,8,105,66
1472,3088,1815,835,12,282,144
1473,795,288,459,1,28,19
1474,676,184,438,1,29,24
1475,1544,711,571,1,220,41
1476,997,226,714,1,25,31
1477,1864,1170,437,23,186,48
1478,1502,1097,307,9,52,37
1479,1454,1160,216,2,44,32
1480,1585,661,829,2,34,59
1481,1480,1034,354,8,40,44
1482,850,761,34,0,18,37
1483,1487,1385,30,0,13,59
1484,732,476,215,1,16,24
1485,1167,840,223,10,31,63
1486,1016,685,225,3,65,38
1487,1550,1018,447,0,46,39
1488,1899,1458,362,5,25,49
1489,2127,1328,412,6,321,60
1490,1624,1383,82,6,82,71
1491,585,395,144,2,13,31
1492,705,461,193,2,19,30
1493,1923,409,1443,0,53,18
1494,775,158,575,2,11,29
1495,786,354,399,6,10,17
1496,1253,331,887,3,8,24
1497,304,191,108,0,1,4
1498,607,246,331,0,19,11
1499,444,65,362,0,7,10
1500,383,213,155,0,4,11
1501,812,432,342,0,14,24
1502,635,75,544,5,3,8
1503,715,183,510,0,5,17
1504,213,39,172,0,0,2
1505,339,188,126,0,9,16
1506,500,286,202,0,6,6
1507,377,84,281,7,2,3
1508,668,190,456,1,9,12
1509,919,256,643,2,6,12
1510,197,134,60,0,0,3
1511,193,128,60,0,1,4
1512,253,99,142,0,6,6
1513,3221,3003,37,36,59,86
1514,3500,2732,289,173,176,130
1515,1563,1311,148,11,62,31
1516,2306,1125,982,20,128,51
1517,2704,2548,31,20,42,63
1518,2706,2189,240,20,136,121
1519,1721,1492,55,3,75,96
1520,1661,1158,310,42,73,78
1521,2289,1596,353,28,210,102
1522,1787,1205,331,87,79,85
1523,2597,1896,327,148,130,96
1524,2123,1066,841,45,84,87
1525,881,680,105,12,35,49
1526,2150,1502,406,21,115,106
1527,4110,1371,2124,42,408,165
1528,1849,975,649,38,82,105
1529,3481,2751,394,66,154,116
1530,1951,1459,269,53,95,75
1531,1312,954,233,5,53,67
1532,2471,1875,284,31,145,136
1533,1634,1259,181,8,108,78
1534,1760,1606,31,7,45,71
1535,2497,2285,65,30,57,60
1536,2655,1860,464,58,191,82
1537,2467,2027,108,5,142,185
1538,1918,1407,225,19,180,87
1539,2574,2000,301,44,115,114
1540,1733,1346,180,1,131,75
1541,1788,1165,131,251,170,71
1542,1751,993,567,55,73,63
1543,2600,1752,335,6,358,149
1544,1929,1430,205,10,179,105
1545,2493,2117,103,3,178,92
1546,2322,1118,823,83,144,154
1547,2801,2362,136,23,190,90
1548,2998,1867,567,47,405,112
1549,2514,1514,653,83,140,124
1550,2042,1481,292,23,147,99
1551,3779,3159,251,80,143,146
1552,2317,2095,50,30,68,74
1553,2233,1075,392,37,667,62
1554,2646,1754,624,5,176,87
1555,3345,2758,194,122,131,140
1556,2422,1659,544,44,109,66
1557,3780,2794,201,214,454,117
1558,4020,2997,490,152,222,159
1559,2575,1905,351,115,107,97
1560,1002,812,107,5,36,42
1561,1424,1255,28,72,26,43
1562,1805,1396,149,3,193,64
1563,2257,1995,47,89,74,52
1564,1645,1168,262,49,104,62
1565,2217,1688,276,77,95,81
1566,3297,2500,241,278,143,135
1567,2472,1593,390,50,334,105
1568,3077,2764,100,19,107,87
1569,2197,1802,188,63,67,77
1570,1486,1206,76,76,72,56
1571,1891,1547,148,9,118,69
1572,1985,1638,26,6,226,89
1573,2979,2484,145,182,98,70
1574,1481,1112,240,22,44,63
1575,2821,1860,569,26,252,114
1576,2321,1790,237,39,160,95
1577,1551,1280,131,6,77,57
1578,3575,2222,927,76,211,139
1579,2728,2214,146,10,229,129
1580,2520,2319,28,39,73,61
1581,2538,1947,287,85,128,91
1582,2274,1583,415,111,85,80
1583,4472,3359,608,60,230,215
1584,2047,1517,303,47,90,90
1585,3038,2339,268,10,247,174
1586,2413,2273,37,6,36,61
1587,3004,2464,136,207,77,120
1588,4545,3576,398,93,287,191
1589,2557,1626,545,104,172,110
1590,2701,1836,456,3,286,120
1591,1133,817,237,1,36,42
1592,1947,1154,578,47,88,80
1593,2841,2033,339,6,346,117
1594,2307,1931,170,40,90,76
1595,855,603,181,6,38,27
1596,3089,2411,379,47,137,115
1597,2379,2097,125,47,42,68
1598,1667,1410,147,1,61,48
1599,2081,1467,439,11,89,75
1600,1572,1002,442,19,48,61
1601,1707,1190,214,124,106,73
1602,1215,284,464,5,419,43
1603,949,811,61,8,34,35
1604,2270,1495,463,41,171,100
1605,1760,1575,95,22,28,40
1606,3130,2436,351,27,156,160
1607,2276,1611,479,44,68,74
1608,1931,836,837,95,96,67
1609,358,88,261,0,4,5
1610,616,336,232,3,18,27
1611,2248,808,1340,5,32,63
1612,985,325,613,5,7,35
1613,266,251,3,2,1,9
1614,494,468,18,0,1,7
1615,228,57,161,0,3,7
1616,238,162,61,2,4,9
1617,891,456,407,1,6,21
1618,1905,1734,88,11,23,49
1619,213,89,112,0,4,8
1620,1594,625,822,0,104,43
1621,1403,521,843,4,18,17
1622,283,102,168,0,4,9
1623,1312,336,882,32,22,40
1624,1467,843,532,8,14,70
1625,1655,745,842,11,25,32
1626,2923,680,2127,3,53,60
1627,1317,789,474,0,13,41
1628,2217,914,1205,7,33,58
1629,1721,543,1127,1,15,35
1630,710,479,180,4,13,34
1631,818,267,506,2,14,29
1632,1497,1071,347,14,35,30
1633,1831,684,1052,5,30,60
1634,236,74,154,1,4,3
1635,1260,394,793,0,27,46
1636,597,300,284,0,3,10
1637,440,246,152,0,3,39
1638,335,210,108,0,4,13
1639,869,420,357,1,14,77
1640,373,258,84,0,5,26
1641,1536,467,899,0,25,145
1642,1971,684,1176,11,10,90
1643,867,575,124,4,6,158
1644,1689,808,473,4,14,390
1645,4217,1303,2469,35,298,112
1646,2323,981,1222,4,58,58
1647,1558,887,566,2,9,94
1648,1096,161,873,11,9,42
1649,407,202,152,4,8,41
1650,2327,720,1496,5,22,84
1651,1576,944,504,5,16,107
1652,1047,673,170,8,162,34
1653,366,303,38,1,15,9
1654,779,590,158,0,11,20
1655,1207,915,231,3,23,35
1656,1761,1581,101,3,31,45
1657,1360,794,336,1,208,21
1658,925,183,638,0,84,20
1659,729,433,167,3,100,26
1660,548,399,109,0,19,21
1661,1553,1265,220,6,33,29
1662,61,13,40,0,5,3
1663,1599,649,611,7,290,42
1664,532,249,206,1,60,16
1665,2120,1540,284,7,257,32
1666,1190,591,395,15,159,30
1667,652,112,453,0,51,36
1668,884,111,658,1,88,26
1669,1522,810,555,19,105,33
1670,1491,1323,110,5,15,38
1671,1101,311,659,5,78,48
1672,126,109,12,0,2,3
1673,643,508,96,0,20,19
1674,892,519,301,6,32,34
1675,1228,772,382,4,41,29
1676,833,578,190,0,52,13
1677,1160,789,262,1,88,20
1678,875,776,55,2,15,27
1679,520,450,45,1,9,15
1680,1003,738,202,4,16,43
1681,1002,749,213,2,16,22
1682,4094,3211,95,18,593,177
1683,500,459,4,1,13,23
1684,2558,2230,84,6,120,118
1685,1076,1017,3,5,17,34
1686,4563,3816,110,12,422,203
1687,3751,3327,186,15,104,119
1688,1587,1427,51,12,38,59
1689,1550,1405,30,6,42,67
1690,1828,1719,9,2,35,63
1691,903,825,24,0,13,41
1692,1087,1012,18,6,18,33
1693,1087,996,23,2,18,48
1694,1283,1131,60,13,47,32
1695,2544,2383,3,9,44,105
1696,2293,2105,22,12,49,105
1697,2347,2042,65,0,152,88
1698,2486,2387,4,10,37,48
1699,2661,2559,6,13,33,50
1700,2281,1968,119,28,106,60
1701,3385,2241,813,55,142,134
1702,2543,2115,196,12,113,107
1703,2168,1726,261,27,60,94
1704,3284,2681,201,131,103,168
1705,2510,1975,283,44,99,109
1706,3370,2103,923,28,176,140
1707,344,305,6,2,12,19
1708,1697,1339,200,20,95,43
1709,1044,722,210,5,55,52
1710,1465,1356,2,5,32,70
1711,777,725,15,0,15,22
1712,513,483,9,0,4,17
1713,718,251,426,0,27,14
1714,1461,839,537,1,34,50
1715,1370,424,884,2,20,40
1716,840,405,392,1,28,14
1717,1098,671,391,9,6,21
1718,493,326,149,4,4,10
1719,1372,50,1276,2,10,34
1720,715,486,196,1,3,29
1721,1558,823,630,2,38,65
1722,1906,817,918,2,93,76
1723,1236,912,238,1,58,27
1724,1084,545,464,7,23,45
1725,762,228,506,2,5,21
1726,1577,1017,487,5,13,55
1727,1970,531,1373,7,22,37
1728,601,452,128,0,4,17
1729,2090,908,1031,9,30,112
1730,1955,409,1493,9,14,30
1731,1927,530,1306,37,14,40
1732,1937,607,1140,53,101,36
1733,1872,565,1195,13,38,61
1734,1342,958,277,0,25,82
1735,1128,16,1081,0,2,29
1736,1382,667,635,3,19,58
1737,1446,814,521,8,30,73
1738,1320,537,737,2,14,30
1739,840,304,460,30,15,31
1740,942,267,598,61,5,11
1741,696,61,594,3,14,24
1742,1418,119,1253,2,21,23
1743,2650,115,2439,20,34,42
1744,610,42,518,1,25,24
1745,889,240,585,11,22,31
1746,731,309,376,20,3,23
1747,770,286,432,29,13,10
1748,649,155,430,41,3,20
1749,1290,589,620,8,34,39
1750,1082,262,780,3,12,25
1751,606,296,273,0,17,20
1752,1629,1087,414,46,23,59
1753,1152,81,1027,7,7,30
1754,1257,621,572,12,9,43
1755,1118,15,1082,2,4,15
1756,620,10,591,3,3,13
1757,1603,199,1279,14,74,37
1758,641,244,328,2,54,13
1759,1357,332,949,4,23,49
1760,1012,502,472,2,17,19
1761,2060,988,903,73,45,51
1762,862,377,381,51,18,35
1763,2118,308,1652,95,31,32
1764,1589,494,1033,4,19,39
1765,1216,158,1012,1,20,25
1766,1977,1290,406,120,103,58
1767,1606,1472,8,4,27,95
1768,1496,1221,70,9,113,83
1769,1787,1523,111,17,95,41
1770,3186,2184,182,550,133,137
1771,1421,1304,25,2,30,60
1772,2333,1914,104,197,64,54
1773,1514,1393,20,8,32,61
1774,1517,1273,97,44,44,59
1775,1701,1569,24,6,32,70
1776,1925,1650,55,5,116,99
1777,1341,1231,30,4,36,40
1778,1699,1297,216,7,101,78
1779,1463,1256,73,3,54,77
1780,1624,1515,50,2,20,37
1781,1725,1541,38,6,55,85
1782,1299,1045,103,3,86,62
1783,1200,982,78,1,94,45
1784,1259,1050,101,5,66,37
1785,1638,1430,52,3,45,108
1786,1724,1611,13,2,20,78
1787,1656,1556,5,4,33,58
1788,1331,941,109,181,53,47
1789,1297,1162,20,13,31,71
1790,1249,1042,135,2,25,45
1791,1469,1143,169,36,53,68
1792,1628,1254,199,3,114,58
1793,5025,4128,206,265,230,196
1794,1868,1755,9,6,25,73
1795,1486,1410,2,9,12,53
1796,1466,1328,52,5,25,56
1797,1573,1269,156,6,69,73
1798,1387,1187,83,6,57,54
1799,1681,1535,22,1,24,99
1800,1371,1217,27,4,65,58
1801,1487,1188,170,7,59,63
1802,1264,978,119,56,64,47
1803,1242,975,141,6,64,56
1804,1107,1027,12,3,26,39
1805,1781,1667,20,3,34,57
1806,1612,1409,67,8,48,80
1807,1835,1486,173,55,60,61
1808,1707,1316,103,11,222,55
1809,1364,1262,40,6,27,29
1810,1634,989,425,6,153,61
1811,1475,1267,80,35,45,48
1812,1834,1734,14,3,24,59
1813,1701,1591,10,11,29,60
1814,1354,1210,27,11,25,81
1815,1220,1035,62,0,51,72
1816,1988,1293,346,45,222,82
1817,1674,1249,274,6,53,92
1818,1647,1283,185,43,70,66
1819,692,540,52,13,51,36
1820,7111,5677,570,189,341,334
1821,1308,1177,22,4,41,64
1822,3212,2187,419,266,179,161
1823,1692,1509,42,5,73,63
1824,1724,1513,106,3,44,58
1825,1920,1427,218,18,178,79
1826,1559,1326,105,6,86,36
1827,1725,1016,521,69,67,52
1828,584,31,534,0,2,17
1829,1723,1213,232,154,71,53
1830,2119,1739,158,74,74,74
1831,1488,222,962,158,82,64
1832,2668,240,2274,6,83,65
1833,2377,1672,442,72,92,99
1834,2494,1390,898,18,76,112
1835,2876,1291,1334,57,119,75
1836,3417,1350,1556,90,264,157
1837,2665,826,1528,53,134,124
1838,2939,795,1634,163,255,92
1839,3441,969,1890,218,215,149
1840,2239,553,1452,57,100,77
1841,2086,665,1261,32,68,60
1842,1695,85,1472,11,73,54
1843,1103,967,40,23,34,39
1844,1297,586,546,44,66,55
1845,2492,292,1922,40,184,54
1846,1269,1023,160,3,35,48
1847,1402,967,276,79,42,38
1848,2456,1903,283,105,91,74
1849,1767,1246,355,31,59,76
1850,1238,1153,21,13,23,28
1851,1205,140,1010,2,18,35
1852,1903,68,1757,4,34,40
1853,2313,1120,832,73,186,102
1854,3567,777,2284,28,357,121
1855,885,12,823,0,18,32
1856,1867,1059,613,35,79,81
1857,1621,940,451,42,93,95
1858,1313,102,1145,1,24,41
1859,1110,496,513,5,57,39
1860,1631,19,1548,0,26,38
1861,2681,1435,885,71,191,99
1862,2446,1473,642,30,185,116
1863,2811,1238,1271,61,124,117
1864,1536,703,672,7,82,72
1865,1482,234,1191,3,26,28
1866,1738,279,1368,3,46,42
1867,3057,1504,1239,11,187,116
1868,569,275,212,5,46,31
1869,2581,413,1698,107,242,121
1870,2241,270,1638,40,229,64
1871,1994,890,928,12,78,86
1872,2457,1124,1043,47,110,133
1873,3200,962,1840,77,165,156
1874,3211,660,2321,35,83,112
1875,3484,1657,1301,153,192,181
1876,2262,83,2033,8,80,58
1877,4889,2711,1652,148,209,169
1878,2011,277,1491,57,109,77
1879,2070,851,1057,29,62,71
1880,3299,1118,1541,227,272,141
1881,927,503,360,12,28,24
1882,1840,1336,309,36,65,94
1883,3167,539,2398,0,179,51
1884,3560,598,2296,122,417,127
1885,1652,468,1030,32,73,49
1886,2043,874,995,15,83,76
1887,1571,1023,420,17,55,56
1888,1387,639,587,45,59,57
1889,3472,1418,1619,122,160,153
1890,2255,570,1401,46,143,95
1891,1358,886,287,58,62,65
1892,821,563,183,7,19,49
1893,1120,647,352,22,57,42
1894,1037,723,235,9,52,18
1895,1552,785,548,31,100,88
1896,5575,3508,1454,144,229,240
1897,1267,728,351,82,61,45
1898,1276,574,548,35,56,63
1899,2522,570,1704,61,107,80
1900,2603,788,1466,76,145,128
1901,1946,224,1451,76,111,84
1902,897,824,18,22,18,15
1903,1630,1133,293,46,111,47
1904,2050,443,1341,37,110,119
1905,1326,165,1066,7,52,36
1906,1896,312,1426,13,71,74
1907,2289,458,1698,3,65,65
1908,3955,1074,1561,292,846,182
1909,3524,1647,1329,149,265,134
1910,2545,1182,881,206,155,121
1911,1766,301,1269,36,114,46
1912,3102,778,1948,86,147,143
1913,2885,832,1643,150,150,110
1914,3340,909,2015,106,179,131
1915,724,60,612,3,18,31
1916,1894,564,1113,38,104,75
1917,1143,907,133,41,20,42
1918,1502,983,421,29,41,28
1919,1494,965,318,98,57,56
1920,2931,1584,1066,54,116,111
1921,743,299,371,16,21,36
1922,3231,682,2072,147,175,155
1923,1455,1174,177,4,45,55
1924,1649,683,832,33,35,66
1925,2194,1027,862,79,141,85
1926,1652,1396,144,27,39,46
1927,2677,2358,91,42,70,116
1928,3051,1583,1105,76,150,137
1929,3106,819,1989,50,163,85
1930,2119,1868,101,68,44,38
1931,1945,1743,66,17,52,67
1932,1734,656,880,36,78,84
1933,1231,929,172,44,55,31
1934,1928,727,929,57,145,70
1935,2875,1404,831,156,368,116
1936,4054,674,2958,103,189,130
1937,6089,2371,3385,46,198,89
1938,6045,4582,561,418,258,226
1939,1696,1469,56,82,55,34
1940,1754,1084,517,22,79,52
1941,1823,1523,150,41,45,64
1942,2332,1962,159,41,94,76
1943,1670,1474,98,17,48,33
1944,960,844,65,10,21,20
1945,1216,1138,12,4,33,29
1946,1660,1464,51,19,87,39
1947,1669,478,1048,9,83,51
1948,1505,67,1322,25,40,51
1949,2333,1565,430,128,133,77
1950,1991,944,891,31,46,79
1951,1874,97,1640,9,69,59
1952,1727,169,1453,6,68,31
1953,1040,806,160,26,17,31
1954,991,925,24,6,19,17
1955,1965,1660,139,9,121,36
1956,8494,3891,2039,394,1891,279
1957,1631,224,1312,12,36,47
1958,1654,1074,460,33,41,46
1959,2207,1505,302,127,164,109
1960,1494,236,1153,8,45,52
1961,985,34,911,9,15,16
1962,1244,693,449,28,35,39
1963,1333,931,307,13,36,46
1964,1776,1225,428,19,37,67
1965,8406,6360,644,650,431,321
1966,1528,923,488,17,54,46
1967,1325,49,1233,2,17,24
1968,1569,481,933,44,34,77
1969,1233,119,1019,11,34,50
1970,1324,495,729,2,47,51
1971,2557,703,1628,67,97,62
1972,2611,544,1789,59,109,110
1973,3350,2018,841,251,130,110
1974,3767,892,1784,117,823,151
1975,2171,1902,65,69,57,78
1976,606,476,88,0,33,9
1977,1235,653,492,2,68,20
1978,922,371,268,0,271,12
1979,1556,1462,19,2,21,52
1980,1377,1251,44,0,52,30
1981,1086,719,292,5,46,24
1982,785,724,17,3,17,24
1983,727,583,80,0,39,25
1984,922,422,402,0,82,16
1985,1800,578,718,5,465,34
1986,1744,813,388,2,509,32
1987,1193,978,90,1,88,36
1988,783,367,304,2,92,18
1989,2607,1920,257,97,210,123
1990,1028,514,370,50,57,37
1991,1908,1465,231,93,76,43
1992,2828,1540,788,189,198,113
1993,3812,3002,300,38,347,125
1994,2405,980,400,206,709,110
1995,1525,530,847,13,86,49
1996,2549,1793,421,27,221,87
1997,1623,1401,114,16,42,50
1998,1642,1355,144,24,49,70
1999,3918,2274,621,221,612,190
2000,3230,2196,493,224,210,107
2001,2797,1885,504,138,188,82
2002,1935,1537,211,56,85,46
2003,1666,1420,101,42,63,40
2004,1082,885,111,6,36,44
2005,1645,140,1340,17,100,48
2006,1601,1111,321,27,87,55
2007,1451,1162,155,31,53,50
2008,2684,2311,174,63,47,89
2009,1760,1496,134,21,63,46
2010,1169,1047,41,2,49,30
2011,2295,1559,420,95,123,98
2012,2167,1670,234,86,109,68
2013,3942,3043,492,20,239,148
2014,2573,1744,470,74,216,69
2015,1704,1526,102,6,40,30
2016,1206,784,233,25,101,63
2017,1581,1172,218,35,91,65
2018,3450,2748,311,33,195,163
2019,1808,902,735,61,57,53
2020,2190,1738,212,3,166,71
2021,1620,664,557,254,95,50
2022,949,775,123,4,22,25
2023,2010,1135,576,57,168,74
2024,3412,2575,302,75,298,162
2025,1308,1134,94,16,36,28
2026,2266,1256,570,58,320,62
2027,1926,1082,462,30,277,75
2028,2897,1500,1048,125,142,82
2029,1549,1202,238,34,31,44
2030,1819,1518,119,0,105,77
2031,1555,1315,106,4,91,39
2032,1938,1457,237,93,99,52
2033,3727,1744,1632,51,216,84
2034,3293,2721,325,53,82,112
2035,1935,1799,26,13,45,52
2036,3461,2619,525,67,130,120
2037,1970,1448,308,39,121,54
2038,5195,2116,1425,109,1387,158
2039,2744,1111,1091,108,365,69
2040,3116,1910,723,155,232,96
2041,1664,1455,73,18,55,63
2042,2601,2242,74,18,137,130
2043,3036,1109,1386,116,283,142
2044,1588,764,506,67,201,50
2045,1848,1443,239,47,72,47
2046,2277,694,1180,125,194,84
2047,2074,1010,813,28,127,96
2048,2505,2225,118,33,55,74
2049,1723,1460,78,58,77,50
2050,1798,1559,60,16,81,82
2051,3111,2849,70,46,85,61
2052,1846,1537,168,9,70,62
2053,4931,3561,769,93,339,169
2054,2501,2070,134,17,181,99
2055,2356,2137,70,25,57,67
2056,2509,1941,420,34,70,44
2057,1468,944,303,77,69,75
2058,1588,1152,272,47,63,54
2059,2136,1655,311,50,60,60
2060,1278,1143,32,24,32,47
2061,4047,3221,621,13,101,91
2062,1968,642,1155,23,99,49
2063,2624,2311,124,16,68,105
2064,2372,1926,147,57,156,86
2065,1074,112,900,3,30,29
2066,2791,2129,455,15,75,117
2067,1590,1184,246,9,99,52
2068,1273,1095,83,5,50,40
2069,2468,1593,482,111,199,83
2070,2248,1659,158,184,141,106
2071,2732,2144,317,48,141,82
2072,3422,1040,1632,13,618,119
2073,1746,1538,104,15,39,50
2074,2522,2198,124,46,78,76
2075,1843,1459,227,21,84,52
2076,1998,1435,297,67,123,76
2077,1836,1258,298,122,89,69
2078,1868,1009,572,91,144,52
2079,3409,1724,1208,91,292,94
2080,2253,1529,399,62,171,92
2081,1891,493,1164,27,119,88
2082,1041,614,378,9,11,29
2083,2449,1564,506,86,211,82
2084,1296,1206,32,10,13,35
2085,1358,688,487,1,101,81
2086,1534,1353,77,25,33,46
2087,2017,1231,541,40,144,61
2088,1987,1705,122,27,64,69
2089,2510,1564,422,145,234,145
2090,3663,2579,710,20,232,122
2091,2022,1580,229,57,89,67
2092,2720,1961,379,145,157,78
2093,3049,1541,421,31,954,102
2094,1756,420,910,13,336,77
2095,3581,2132,999,85,209,156
2096,2216,1685,213,127,124,67
2097,1595,1010,366,80,76,63
2098,1549,1302,95,24,69,59
2099,2543,1153,1064,23,189,114
2100,1842,1364,252,15,146,65
2101,607,8,583,0,5,11
2102,1009,67,912,0,7,23
2103,988,625,267,11,39,46
2104,1461,977,371,54,28,31
2105,1030,693,265,19,25,28
2106,933,323,501,8,59,42
2107,1583,331,1127,14,62,49
2108,1927,1097,636,45,54,95
2109,1486,697,628,30,48,83
2110,1587,405,1108,12,29,33
2111,1584,780,672,16,48,68
2112,1870,862,736,61,113,98
2113,2231,372,1647,31,102,79
2114,1779,1373,320,4,17,65
2115,3384,1789,1067,131,202,195
2116,1143,878,142,24,45,54
2117,879,632,190,4,27,26
2118,1200,612,472,15,56,45
2119,541,88,419,1,14,19
2120,1393,284,1015,0,70,24
2121,1219,181,919,1,99,19
2122,826,152,605,0,46,23
2123,1694,909,635,11,56,83
2124,478,94,352,0,11,21
2125,1389,777,556,0,17,39
2126,1777,998,619,33,48,79
2127,1884,1156,596,24,37,71
2128,787,442,275,12,38,20
2129,1468,212,1132,14,66,44
2130,1329,358,899,3,35,34
2131,1485,795,500,47,62,81
2132,1296,799,304,39,79,75
2133,1320,815,446,6,19,34
2134,2089,901,907,94,107,80
2135,2021,1116,786,7,34,78
2136,2315,1433,716,25,70,71
2137,1661,868,645,1,84,63
2138,2569,1602,731,27,87,122
2139,2479,572,1821,0,50,36
2140,407,62,313,0,10,22
2141,1017,600,376,2,18,21
2142,501,9,468,0,12,12
2143,1696,1424,134,26,38,74
2144,1391,829,214,56,177,115
2145,674,148,503,1,15,7
2146,813,64,716,0,8,25
2147,1432,505,804,14,52,57
2148,1236,481,692,5,32,26
2149,2331,1040,1045,79,76,91
2150,594,12,558,0,18,6
2151,805,477,258,21,22,27
2152,1521,891,550,9,30,41
2153,1565,816,619,20,44,66
2154,1286,813,356,20,45,52
2155,1226,287,820,9,42,68
2156,1308,600,630,2,30,46
2157,957,93,805,0,40,19
2158,1941,1500,256,57,53,75
2159,755,670,59,0,5,21
2160,418,174,228,0,8,8
2161,1242,905,286,2,9,40
2162,1605,1185,322,6,46,46
2163,533,82,427,0,0,24
2164,971,774,170,3,10,14
2165,1702,1116,521,11,17,37
2166,1272,989,233,2,14,34
2167,1397,1000,332,4,29,32
2168,1097,780,266,2,16,33
2169,762,654,70,0,3,35
2170,2045,1629,350,4,15,47
2171,794,721,53,2,8,10
2172,785,394,371,1,2,17
2173,831,474,320,1,13,23
2174,1270,545,696,4,13,12
2175,1036,416,576,4,13,27
2176,885,380,460,3,11,31
2177,1235,764,403,5,22,41
2178,476,178,271,0,9,18
2179,311,231,73,0,1,6
2180,349,153,181,0,2,13
2181,850,352,470,1,6,21
2182,609,235,342,0,12,20
2183,362,167,183,1,2,9
2184,834,279,524,1,13,17
2185,790,537,215,0,30,8
2186,1342,241,1053,2,21,25
2187,362,243,108,0,4,7
2188,529,437,58,0,8,26
2189,1599,578,965,10,20,26
2190,645,295,330,0,8,12
2191,1308,274,996,0,6,32
2192,3126,1426,1536,61,34,69
2193,1152,67,1026,5,19,35
2194,2269,159,2063,9,10,28
2195,1254,218,999,0,12,25
2196,793,85,679,0,5,24
2197,210,15,191,0,3,1
2198,382,130,241,1,4,6
2199,843,597,220,2,10,14
2200,518,82,425,0,4,7
2201,268,166,86,0,6,10
2202,436,415,8,0,0,13
2203,2288,441,1554,15,231,47
2204,412,290,96,0,10,16
2205,295,78,211,0,1,5
2206,270,212,53,0,0,5
2207,835,174,649,1,4,7
2208,1011,800,85,17,37,72
2209,1894,1230,274,48,238,104
2210,1193,1065,57,20,24,27
2211,2094,920,724,65,251,134
2212,1283,1159,15,27,47,35
2213,2487,2277,66,15,38,91
2214,1708,1370,145,30,90,73
2215,1852,1548,122,38,69,75
2216,1826,1548,78,59,33,108
2217,501,445,30,0,14,12
2218,2046,1452,300,20,211,63
2219,1819,1256,178,152,156,77
2220,3402,2702,385,13,114,188
2221,4203,2204,1235,145,468,151
2222,2100,1634,211,31,98,126
2223,2267,1967,90,27,77,106
2224,1793,1362,79,201,95,56
2225,2481,2126,175,17,74,89
2226,2761,2257,134,85,155,130
2227,1242,1006,121,14,50,51
2228,3326,2415,575,50,172,114
2229,3139,576,2302,27,125,109
2230,4399,1872,2119,58,228,122
2231,1458,928,81,2,74,373
2232,1320,1045,146,9,65,55
2233,1318,950,194,16,95,63
2234,2235,1926,127,23,80,79
2235,3398,2427,377,232,202,160
2236,4731,3581,414,241,298,197
2237,2144,1440,416,36,176,76
2238,1776,1091,507,23,75,80
2239,3327,2387,387,118,294,141
2240,1563,1302,36,91,84,50
2241,970,656,146,17,72,79
2242,3372,2261,389,422,172,128
2243,1831,1507,148,20,62,94
2244,1765,1366,237,33,73,56
2245,1254,826,295,32,64,37
2246,1275,1071,147,4,10,43
2247,1675,811,628,23,129,84
2248,2400,1611,568,51,105,65
2249,1593,1028,220,51,77,217
2250,1161,941,133,10,31,46
2251,1705,1271,234,46,91,63
2252,2442,1938,123,155,142,84
2253,2491,1879,291,52,165,104
2254,1798,1439,166,22,95,76
2255,1747,1213,279,20,142,93
2256,1501,1283,43,88,46,41
2257,1756,1483,109,16,44,104
2258,1672,998,420,90,103,61
2259,1932,1504,247,7,81,93
2260,1323,1054,123,11,63,72
2261,869,761,41,9,27,31
2262,1716,1374,152,56,70,64
2263,3157,1913,1019,22,115,88
2264,2938,1776,441,383,224,114
2265,1190,928,152,17,43,50
2266,2615,2124,269,27,84,111
2267,2206,1550,400,39,136,81
2268,2044,1243,525,11,171,94
2269,2351,1909,279,51,53,59
2270,3103,2550,342,21,95,95
2271,2470,1619,384,54,309,104
2272,2428,1267,959,11,84,107
2273,1727,1152,404,11,85,75
2274,1855,1649,31,57,59,59
2275,2150,1397,231,310,147,65
2276,3722,2499,301,470,320,132
2277,2438,1887,235,36,156,124
2278,2655,2125,223,61,120,126
2279,1993,1860,33,16,24,60
2280,1878,1554,98,56,87,83
2281,1635,1421,89,22,55,48
2282,1928,165,1636,0,53,74
2283,2228,311,1757,12,80,68
2284,2682,1456,941,34,171,80
2285,1896,1427,273,11,111,74
2286,1884,589,1099,0,131,65
2287,3282,1793,727,79,545,138
2288,1173,181,899,0,31,62
2289,1728,1153,437,11,61,66
2290,4200,2324,1237,104,362,173
2291,1663,1345,202,4,36,76
2292,2089,1799,71,48,82,89
2293,1424,1228,90,13,34,59
2294,924,853,25,3,12,31
2295,1699,787,697,67,91,57
2296,2237,1843,110,77,116,91
2297,2550,1355,290,187,604,114
2298,2719,1880,374,220,152,93
2299,1232,1100,30,10,52,40
2300,2488,2173,144,24,56,91
2301,1811,1339,349,26,44,53
2302,1495,1001,219,48,156,71
2303,2320,1507,319,233,181,80
2304,1969,1726,57,46,80,60
2305,2057,1598,214,37,115,93
2306,2712,1332,1132,34,109,105
2307,3821,2445,1019,23,200,134
