precinct_id,GEOID,democratic_votes,republican_votes,total_votes
0,45001-Abbeville No. 1,354,923,1292
1,45001-Abbeville No. 2,554,341,907
2,45001-Abbeville No. 3,375,515,899
3,45001-Abbeville No. 4,191,416,615
4,45001-Antreville,162,831,1004
5,45001-Broadmouth,65,331,399
6,45001-Calhoun Falls,541,557,1105
7,45001-Cold Springs,134,604,745
8,45001-Donalds,52,347,400
9,45001-Due West,281,811,1115
10,45001-Hall's Store,120,320,445
11,45001-Keowee,127,768,904
12,45001-Lebanon,138,448,597
13,45001-Lowndesville,126,758,894
14,45001-Smithville,179,532,720
15,45003-N. Augusta No. 55,259,502,772
16,45003-Six Points No. 35,437,603,1055
17,45003-Vaucluse,743,1088,1864
18,45003-Aiken No. 2,477,166,654
19,45003-Six Points No. 46,582,121,713
20,45003-Aiken No. 5,442,309,767
21,45003-Hollow Creek,364,666,1047
22,45003-Sandstone No. 70,300,461,780
23,45003-Aiken No. 4,288,81,375
24,45003-Couchton,327,598,935
25,45003-Gem Lakes No. 60,297,692,1002
26,45003-South Aiken No. 75,554,1020,1588
27,45003-Hitchcock No. 66,291,462,765
28,45003-Levels No. 72,330,419,763
29,45003-Ward,376,695,1083
30,45003-Shaws Fork,177,418,605
31,45003-Beech Island,514,482,1008
32,45003-Jackson,222,873,1109
33,45003-Pine Forest,324,1054,1389
34,45003-Carolina Heights,440,302,750
35,45003-White Pond,226,342,568
36,45003-Montmorenci No. 78,276,486,772
37,45003-Talatha,518,1020,1553
38,45003-Sleepy Hollow No. 65,362,1068,1446
39,45003-New Holland,145,483,634
40,45003-Monetta,250,487,750
41,45003-Tabernacle,211,305,525
42,45003-Perry,141,493,647
43,45003-Misty Lakes,513,914,1450
44,45003-Midland Valley No. 71,663,1236,1917
45,45003-N. Augusta No. 80,165,496,668
46,45003-N. Augusta No. 29,414,629,1068
47,45003-Belvedere No. 74,151,280,439
48,45003-Belvedere No. 9,448,510,972
49,45003-N. Augusta No. 25,405,518,942
50,45003-Fox Creek No. 73,321,984,1315
51,45003-N. Augusta No. 54,380,327,716
52,45003-Belvedere No. 44,360,568,948
53,45003-N. Augusta No. 26,299,338,647
54,45003-Clearwater,167,219,396
55,45003-Willow Springs,200,659,871
56,45003-Gloverville,191,535,738
57,45003-Langley,189,613,807
58,45003-Lynwood,124,412,540
59,45003-Fox Creek No. 58,301,762,1078
60,45003-N. Augusta No. 68,241,786,1045
61,45003-Ascauga Lake No. 84,293,683,985
62,45003-Ascauga Lake,212,549,765
63,45003-Graniteville,192,438,639
64,45003-Eureka,312,887,1213
65,45003-China Springs,561,379,958
66,45003-Warrenville,436,977,1431
67,45003-Aiken No. 1,344,588,942
68,45003-Aiken No. 47,326,434,767
69,45003-Aiken No. 3,652,152,819
70,45003-Millbrook,508,800,1329
71,45003-Levels No. 83,274,311,596
72,45003-Gem Lakes No. 77,365,835,1221
73,45003-Redds Branch,275,578,860
74,45003-College Acres,434,845,1303
75,45003-Aiken No. 6,387,537,943
76,45003-Montmorenci No. 22,538,863,1417
77,45003-Anderson Pond No. 69,701,1324,2044
78,45003-Levels No. 52,332,361,703
79,45003-Sandstone No. 79,330,474,815
80,45003-Shiloh,412,1030,1453
81,45003-Hammond No. 81,292,591,893
82,45003-Silver Bluff,637,690,1349
83,45003-Hammond,382,665,1056
84,45003-Windsor,265,574,853
85,45003-Windsor No. 82,241,520,772
86,45003-Bath,198,278,481
87,45003-Cedar Creek No. 64,432,955,1404
88,45003-Oak Grove,188,661,860
89,45003-New Ellenton,514,559,1093
90,45003-N. Augusta No. 27,265,897,1194
91,45003-Salley,191,259,459
92,45003-Wagener,533,919,1470
93,45003-Belvedere No. 62,461,450,930
94,45003-N. Augusta No. 28,235,560,807
95,45003-N. Augusta No. 67,276,759,1056
96,45003-South Aiken No. 76,371,640,1020
97,45003-Midland Valley No. 51,360,726,1103
98,45003-Breezy Hill,720,524,1267
99,45003-South Creek No. 89,279,589,875
100,45003-Midlands No. 88,396,700,1104
101,45003-Community No. 86,212,463,685
102,45003-Breezy No. 87,137,366,513
103,45003-Creek No. 85,371,643,1035
104,45005-Allendale No. 1,468,98,577
105,45005-Allendale No. 2,486,12,508
106,45005-Fairfax No. 1,176,110,288
107,45005-Fairfax No. 2,497,77,581
108,45005-Martin,125,50,176
109,45005-Sycamore,62,177,242
110,45005-Ulmer,44,96,144
111,45005-Woods,306,191,504
112,45007-Anderson 1/1,392,592,1005
113,45007-Anderson 1/2,275,714,1015
114,45007-Anderson 2/1,318,696,1030
115,45007-Anderson 2/2,573,1145,1748
116,45007-Anderson 3/1,228,217,452
117,45007-Anderson 3/2,291,325,625
118,45007-Anderson 4/1,431,125,567
119,45007-Anderson 4/2,813,365,1192
120,45007-Anderson 5/B,425,161,598
121,45007-Anderson 6/1,515,830,1376
122,45007-Anderson 6/2,334,204,547
123,45007-Appleton-Equinox,213,223,443
124,45007-Barker's Creek-Mcadams,34,312,348
125,45007-Belton,307,989,1313
126,45007-Belton Annex,307,1011,1340
127,45007-Bishop's Branch,357,1192,1567
128,45007-Bowling Green,140,648,794
129,45007-Broadview,257,209,472
130,45007-Broadway,140,471,616
131,45007-Brushy Creek,386,1553,1960
132,45007-Cedar Grove,172,919,1096
133,45007-Center Rock,436,1509,1966
134,45007-Centerville Station A,588,1579,2188
135,45007-Centerville Station B,584,1377,1984
136,45007-Chiquola Mill,136,255,397
137,45007-Concrete,655,1742,2426
138,45007-Cox's Creek,241,545,797
139,45007-Craytonville,72,723,797
140,45007-Denver-Sandy Springs,355,1013,1396
141,45007-Edgewood Station A,506,909,1430
142,45007-Edgewood Station B,428,1096,1543
143,45007-Five Forks,325,1021,1365
144,45007-Flat Rock,182,797,984
145,45007-Fork No. 1,210,978,1205
146,45007-Fork No. 2,236,1090,1346
147,45007-Friendship,112,652,770
148,45007-Glenview,499,1030,1549
149,45007-Gluck Mill,261,493,764
150,45007-Green Pond Station A,416,1466,1904
151,45007-Hall,183,838,1029
152,45007-Hammond Annex,427,1073,1522
153,45007-Hammond School,522,1488,2038
154,45007-High Point,51,408,463
155,45007-Homeland Park,48,273,322
156,45007-Honea Path,189,822,1026
157,45007-Hopewell,367,1007,1395
158,45007-Hunt Meadows,786,2776,3603
159,45007-Iva,139,1002,1153
160,45007-Jackson Mill,111,884,1006
161,45007-LaFrance,192,546,749
162,45007-Lakeside,580,1115,1708
163,45007-Melton,121,459,585
164,45007-Mount Tabor,492,1519,2045
165,45007-Mountain Creek,122,429,558
166,45007-Mt. Airy,363,1511,1895
167,45007-Neal's Creek,421,1012,1445
168,45007-North Pointe,379,1261,1661
169,45007-Pelzer,87,464,555
170,45007-Pendleton,1255,1651,2962
171,45007-Piedmont,169,578,758
172,45007-Piercetown,391,1525,1934
173,45007-Powdersville,660,1878,2566
174,45007-Rock Mill,192,821,1020
175,45007-Rock Spring,114,499,621
176,45007-Shirley's Store,93,533,634
177,45007-Simpsonville,501,1636,2157
178,45007-South Fant,327,227,562
179,45007-Starr,62,614,681
180,45007-Three And Twenty,345,1742,2104
181,45007-Toney Creek,66,475,547
182,45007-Town Creek,399,1146,1561
183,45007-Townville,100,543,649
184,45007-Varennes,262,365,635
185,45007-West Pelzer,246,1293,1554
186,45007-West Savannah,121,352,473
187,45007-White Plains,469,2191,2697
188,45007-Williamston,391,1316,1723
189,45007-Williamston Mill,272,1583,1866
190,45007-Wright's School,68,586,659
191,45009-Colston,37,87,124
192,45009-East Denmark,753,257,1034
193,45009-Edisto,70,177,247
194,45009-Ehrhardt,160,305,465
195,45009-Govan,47,35,82
196,45009-Hightower's Mill,22,19,41
197,45009-Hunter's Chapel,61,88,150
198,45009-Kearse,6,79,85
199,45009-Little Swamp,9,84,93
200,45009-North Bamberg,629,631,1272
201,45009-Olar,76,135,215
202,45009-South Bamberg,870,336,1225
203,45009-West Denmark,503,141,657
204,45011-Barnwell 1,215,223,441
205,45011-Barnwell 2,350,681,1047
206,45011-Barnwell 3,424,724,1161
207,45011-Barnwell 4,499,378,885
208,45011-Blackville 1,371,212,592
209,45011-Blackville 2,236,128,373
210,45011-Elko,172,236,413
211,45011-Friendship,33,488,526
212,45011-Healing Springs,368,151,523
213,45011-Hilda,56,614,673
214,45011-Kline,155,255,415
215,45011-Snelling,333,469,812
216,45011-Williston 1,499,368,883
217,45011-Williston 2,118,290,412
218,45011-Williston 3,229,371,606
219,45013-Beaufort 1,403,219,638
220,45013-Beaufort 2,407,380,798
221,45013-Beaufort 3,480,586,1081
222,45013-Belfair 1,321,566,896
223,45013-Belfair 2,333,565,903
224,45013-Bluffton 1A,267,382,654
225,45013-Bluffton 1B,240,481,728
226,45013-Bluffton 1C,247,440,691
227,45013-Bluffton 1D,194,170,374
228,45013-Bluffton 2A,303,461,777
229,45013-Bluffton 2B,392,501,907
230,45013-Bluffton 2C,455,876,1353
231,45013-Bluffton 2D,217,382,611
232,45013-Bluffton 2E,572,434,1019
233,45013-Bluffton 3,318,702,1032
234,45013-Bluffton 4A,345,910,1260
235,45013-Bluffton 4B,152,441,602
236,45013-Bluffton 4C,368,744,1119
237,45013-Bluffton 4D,323,621,949
238,45013-Bluffton 4E,280,460,751
239,45013-Bluffton 5A,338,599,949
240,45013-Bluffton 5B,338,521,864
241,45013-Bluffton 5C,289,323,616
242,45013-Bluffton 5D,160,419,587
243,45013-Bluffton 5E,279,395,683
244,45013-Bluffton 6A,248,483,736
245,45013-Bluffton 6B,285,597,887
246,45013-Bluffton 7A,531,872,1415
247,45013-Buckwalter 1,307,529,844
248,45013-Buckwalter 2,210,430,644
249,45013-Burton 1A,258,405,674
250,45013-Burton 1B,566,199,783
251,45013-Burton 1C,476,515,1001
252,45013-Burton 1D,177,240,423
253,45013-Burton 2A,297,498,805
254,45013-Burton 2B,250,496,757
255,45013-Burton 2C,355,644,1010
256,45013-Burton 2D,339,455,806
257,45013-Burton 3A,428,471,908
258,45013-Burton 3B,191,136,332
259,45013-Burton 4,307,176,491
260,45013-Burton 5A,246,418,677
261,45013-Burton 5B,361,317,684
262,45013-Chechessee 1,295,448,754
263,45013-Chechessee 2,312,573,893
264,45013-Chechessee 3,273,502,782
265,45013-Dale Lobeco,473,284,773
266,45013-Daufuskie,148,232,388
267,45013-Hilton Head 10,284,382,678
268,45013-Hilton Head 11,377,561,949
269,45013-Hilton Head 12,241,269,524
270,45013-Hilton Head 13,281,412,702
271,45013-Hilton Head 14,340,464,808
272,45013-Hilton Head 15A,225,266,494
273,45013-Hilton Head 15B,302,442,751
274,45013-Hilton Head 1A,445,509,963
275,45013-Hilton Head 1B,475,485,969
276,45013-Hilton Head 2A,515,543,1069
277,45013-Hilton Head 2B,301,287,597
278,45013-Hilton Head 2C,251,378,636
279,45013-Hilton Head 2D,298,229,538
280,45013-Hilton Head 2E,314,526,849
281,45013-Hilton Head 3,278,563,848
282,45013-Hilton Head 4A,314,377,703
283,45013-Hilton Head 4B,522,583,1120
284,45013-Hilton Head 4C,370,447,826
285,45013-Hilton Head 4D,398,490,893
286,45013-Hilton Head 5A,392,454,863
287,45013-Hilton Head 5B,343,437,790
288,45013-Hilton Head 5C,296,436,747
289,45013-Hilton Head 6,498,688,1201
290,45013-Hilton Head 7A,402,571,980
291,45013-Hilton Head 7B,270,415,695
292,45013-Hilton Head 7C,247,377,630
293,45013-Hilton Head 8,284,348,642
294,45013-Hilton Head 9A,223,279,509
295,45013-Hilton Head 9B,224,438,670
296,45013-Hilton Head 9C,312,382,703
297,45013-Hilton Head 9D,175,403,580
298,45013-Ladys Island 1A,221,291,531
299,45013-Ladys Island 1B,330,250,594
300,45013-Ladys Island 2A,177,362,543
301,45013-Ladys Island 2B,434,780,1232
302,45013-Ladys Island 2C,288,454,755
303,45013-Ladys Island 3A,346,506,866
304,45013-Ladys Island 3B,361,654,1028
305,45013-Ladys Island 3C,274,477,762
306,45013-Ladys Island 4A,357,433,800
307,45013-Ladys Island 4B,246,441,696
308,45013-Ladys Island 4C,259,528,797
309,45013-Moss Creek,582,754,1345
310,45013-Mossy Oaks 1A,270,384,667
311,45013-Mossy Oaks 1B,360,557,930
312,45013-Mossy Oaks 2,321,433,766
313,45013-New River 1,669,1239,1923
314,45013-New River 2,353,688,1050
315,45013-Palmetto Bluff,318,637,968
316,45013-Port Royal 1,369,459,839
317,45013-Port Royal 2,399,363,780
318,45013-Pritchardville 1,300,607,923
319,45013-Riverbend,409,784,1206
320,45013-Rose Hill 1,159,368,532
321,45013-Rose Hill 2,369,624,1000
322,45013-Sandy Pointe,367,473,848
323,45013-Seabrook 1,329,328,666
324,45013-Seabrook 2,392,250,652
325,45013-Seabrook 3,477,410,900
326,45013-Sheldon 1,412,398,827
327,45013-Sheldon 2,419,87,510
328,45013-Spanish Wells,375,406,801
329,45013-St. Helena 1A,689,248,952
330,45013-St. Helena 1B,632,294,948
331,45013-St. Helena 1C,510,774,1297
332,45013-St. Helena 2A,568,402,986
333,45013-St. Helena 2B,629,233,872
334,45013-St. Helena 2C,330,644,980
335,45013-Sun City 1,549,629,1187
336,45013-Sun City 10,288,342,636
337,45013-Sun City 2,418,461,887
338,45013-Sun City 3,337,421,762
339,45013-Sun City 4,457,631,1097
340,45013-Sun City 5,480,708,1196
341,45013-Sun City 6,499,598,1110
342,45013-Sun City 7,407,507,925
343,45013-Sun City 8,268,292,561
344,45013-Sun City 9,231,339,576
345,45015-Alvin,298,314,618
346,45015-Bethera,11,181,195
347,45015-Beverly Hill,421,375,809
348,45015-Bonneau,281,680,975
349,45015-Bonneau Beach,211,934,1152
350,45015-Boulder Bluff,793,643,1474
351,45015-Bushy Park,6,38,44
352,45015-Cainhoy,618,408,1045
353,45015-Cane Bay,1225,1692,2963
354,45015-Cane Bay East,600,909,1521
355,45015-Cane Bay North,1170,1899,3097
356,45015-Cane Bay South,548,833,1398
357,45015-Carnes Cross Road 1,192,867,1070
358,45015-Carnes Cross Roads 2,736,1246,1999
359,45015-Central,765,828,1615
360,45015-Cobblestone,610,571,1206
361,45015-Cordesville,301,612,926
362,45015-Cross,311,544,869
363,45015-Cypress,635,695,1347
364,45015-Daniel Island 1,750,1521,2304
365,45015-Daniel Island 2,694,730,1454
366,45015-Daniel Island 3,730,896,1648
367,45015-Daniel Island 4,975,1458,2462
368,45015-Devon Forest 1,577,701,1297
369,45015-Devon Forest 2,429,554,1001
370,45015-Discovery,726,676,1422
371,45015-Eadytown,298,166,471
372,45015-Fifty-two,712,657,1384
373,45015-Foster Creek 1,293,450,758
374,45015-Foster Creek 2,690,1034,1756
375,45015-Foster Creek 3,540,748,1312
376,45015-Foxbank,1000,1412,2466
377,45015-Hanahan 1,492,1089,1609
378,45015-Hanahan 2,269,466,747
379,45015-Hanahan 3,257,573,853
380,45015-Hanahan 4,238,321,571
381,45015-Hanahan 5,292,692,1000
382,45015-Harbour Lake,481,275,766
383,45015-Hilton Cross Roads,574,540,1132
384,45015-Horseshoe,329,483,822
385,45015-Howe Hall 1,745,584,1351
386,45015-Howe Hall 2,303,326,647
387,45015-Huger,627,818,1460
388,45015-Jamestown,198,184,386
389,45015-Lebanon,140,592,741
390,45015-Liberty Hall,852,721,1601
391,45015-Live Oak,156,870,1039
392,45015-Macedonia,108,1024,1143
393,45015-Macedonia 2,5,134,139
394,45015-McBeth,230,459,695
395,45015-Medway,1104,860,1992
396,45015-Moncks Corner 1,457,776,1254
397,45015-Moncks Corner 2,519,563,1095
398,45015-Moncks Corner 3,757,605,1379
399,45015-Moncks Corner 4,316,920,1251
400,45015-Moultrie,678,228,918
401,45015-Nexton,998,1515,2546
402,45015-North Creek,877,1228,2127
403,45015-Old 52,296,493,797
404,45015-Pimlico,375,989,1379
405,45015-Pinopolis,265,1178,1459
406,45015-Royle,298,451,763
407,45015-Russellville,688,185,886
408,45015-Sangaree 1,270,380,659
409,45015-Sangaree 2,377,563,956
410,45015-Sangaree 3,352,437,806
411,45015-Sedgefield 1,516,404,936
412,45015-Sedgefield 2,188,194,392
413,45015-Sedgefield 3,157,205,368
414,45015-Seventy Eight,498,600,1113
415,45015-Shulerville,111,185,301
416,45015-St. James,408,507,932
417,45015-St. Stephen 1,699,196,916
418,45015-St. Stephen 2,452,507,976
419,45015-Stone Lake,380,628,1021
420,45015-Stratford 1,368,418,797
421,45015-Stratford 2,458,928,1405
422,45015-Stratford 3,619,813,1444
423,45015-Stratford 4,491,660,1172
424,45015-Stratford 5,445,386,841
425,45015-The Village,779,1458,2273
426,45015-Tramway,332,546,896
427,45015-Wassamassaw 1,399,412,823
428,45015-Wassamassaw 2,832,1249,2108
429,45015-Weatherstone,521,713,1257
430,45015-Westview 1,339,713,1072
431,45015-Westview 2,433,731,1185
432,45015-Westview 3,351,697,1067
433,45015-Westview 4,375,670,1062
434,45015-Whitesville 1,727,625,1366
435,45015-Whitesville 2,354,310,675
436,45015-Wildcat Trail,866,1301,2189
437,45015-Yeamans Club,37,80,120
438,45015-Yellow House,1189,1814,3044
439,45017-Bethel,194,489,689
440,45017-Cameron,245,275,530
441,45017-Center Hill,384,425,820
442,45017-Creston,55,77,135
443,45017-Dixie,957,394,1370
444,45017-Fall Branch,131,216,353
445,45017-Fort Motte,80,121,201
446,45017-Lone Star,298,478,789
447,45017-Midway,39,193,233
448,45017-Murph Mill,167,136,313
449,45017-Sandy Run,345,1001,1359
450,45017-St. Matthews,441,662,1112
451,45019-Awendaw,550,621,1177
452,45019-Charleston 1,247,340,595
453,45019-Charleston 10,176,65,244
454,45019-Charleston 11,452,256,727
455,45019-Charleston 12,675,281,978
456,45019-Charleston 13,536,156,706
457,45019-Charleston 14,386,190,589
458,45019-Charleston 15,741,403,1163
459,45019-Charleston 16,556,145,716
460,45019-Charleston 17,599,133,758
461,45019-Charleston 18,685,211,929
462,45019-Charleston 19,417,91,518
463,45019-Charleston 2,297,380,687
464,45019-Charleston 20,702,232,956
465,45019-Charleston 21,360,60,424
466,45019-Charleston 3,406,303,725
467,45019-Charleston 4,357,310,676
468,45019-Charleston 5,317,257,582
469,45019-Charleston 6,434,274,717
470,45019-Charleston 7,458,298,765
471,45019-Charleston 8,476,163,661
472,45019-Charleston 9,285,142,437
473,45019-Christ Church,353,466,825
474,45019-Deer Park 1A,487,270,775
475,45019-Deer Park 1B,1130,838,2011
476,45019-Deer Park 2A,878,723,1623
477,45019-Deer Park 2B,667,381,1061
478,45019-Deer Park 2C,369,313,691
479,45019-Deer Park 3,946,401,1373
480,45019-Edisto Island,614,712,1344
481,45019-Folly Beach 1,371,315,692
482,45019-Folly Beach 2,456,402,880
483,45019-Isle Of Palms 1A,294,486,803
484,45019-Isle Of Palms 1B,447,662,1122
485,45019-Isle Of Palms 1C,561,848,1426
486,45019-James Island 10,627,589,1238
487,45019-James Island 11,762,753,1549
488,45019-James Island 12,517,557,1094
489,45019-James Island 13,630,683,1333
490,45019-James Island 14,299,386,691
491,45019-James Island 15,679,544,1247
492,45019-James Island 17,670,620,1327
493,45019-James Island 19,721,581,1328
494,45019-James Island 1A,922,745,1695
495,45019-James Island 1B,613,193,822
496,45019-James Island 20,653,486,1159
497,45019-James Island 22,738,484,1258
498,45019-James Island 3,509,113,640
499,45019-James Island 5A,524,630,1172
500,45019-James Island 5B,258,400,677
501,45019-James Island 6,743,599,1372
502,45019-James Island 7,850,738,1623
503,45019-James Island 8A,723,444,1191
504,45019-James Island 8B,767,595,1392
505,45019-James Island 9,566,540,1131
506,45019-Johns Island 1A,639,968,1629
507,45019-Johns Island 1B,1137,1089,2263
508,45019-Johns Island 2,2164,2524,4769
509,45019-Johns Island 3A,1848,2219,4135
510,45019-Johns Island 3B,788,835,1654
511,45019-Johns Island 4,495,450,967
512,45019-Kiawah Island,859,876,1761
513,45019-Ladson,1130,780,1940
514,45019-Lincolnville,763,588,1375
515,45019-McClellanville,767,579,1359
516,45019-Mt. Pleasant 1,554,584,1166
517,45019-Mt. Pleasant 10,335,534,880
518,45019-Mt. Pleasant 11,508,649,1175
519,45019-Mt. Pleasant 12,975,1100,2102
520,45019-Mt. Pleasant 13,385,362,755
521,45019-Mt. Pleasant 14,460,548,1023
522,45019-Mt. Pleasant 15,1000,960,1998
523,45019-Mt. Pleasant 16,230,410,653
524,45019-Mt. Pleasant 17,914,1323,2274
525,45019-Mt. Pleasant 18,403,588,1004
526,45019-Mt. Pleasant 19,708,846,1580
527,45019-Mt. Pleasant 2,353,515,887
528,45019-Mt. Pleasant 20,585,586,1191
529,45019-Mt. Pleasant 21,602,705,1326
530,45019-Mt. Pleasant 22,784,862,1675
531,45019-Mt. Pleasant 23,822,805,1650
532,45019-Mt. Pleasant 24,290,361,659
533,45019-Mt. Pleasant 25,361,545,918
534,45019-Mt. Pleasant 26,402,18,427
535,45019-Mt. Pleasant 27,997,1405,2446
536,45019-Mt. Pleasant 28,403,517,940
537,45019-Mt. Pleasant 29,121,140,263
538,45019-Mt. Pleasant 3,697,597,1321
539,45019-Mt. Pleasant 30,708,948,1679
540,45019-Mt. Pleasant 31,544,811,1370
541,45019-Mt. Pleasant 32,755,1453,2235
542,45019-Mt. Pleasant 33,1323,2518,3889
543,45019-Mt. Pleasant 34,562,879,1454
544,45019-Mt. Pleasant 35,1692,2716,4472
545,45019-Mt. Pleasant 36,663,777,1478
546,45019-Mt. Pleasant 37,1417,1610,3062
547,45019-Mt. Pleasant 38,573,957,1551
548,45019-Mt. Pleasant 39,1636,2851,4532
549,45019-Mt. Pleasant 4,548,609,1176
550,45019-Mt. Pleasant 5,412,529,952
551,45019-Mt. Pleasant 6,689,831,1551
552,45019-Mt. Pleasant 7,365,458,833
553,45019-Mt. Pleasant 8,348,358,720
554,45019-Mt. Pleasant 9,364,507,894
555,45019-North Charleston 1,456,80,548
556,45019-North Charleston 10,441,121,585
557,45019-North Charleston 11,396,276,684
558,45019-North Charleston 12,494,273,794
559,45019-North Charleston 13,345,65,416
560,45019-North Charleston 14,351,162,530
561,45019-North Charleston 15,543,102,662
562,45019-North Charleston 16,596,223,838
563,45019-North Charleston 17,400,112,520
564,45019-North Charleston 18,608,224,852
565,45019-North Charleston 19,519,135,664
566,45019-North Charleston 2,229,36,268
567,45019-North Charleston 20,259,229,494
568,45019-North Charleston 21,495,241,751
569,45019-North Charleston 22,454,194,660
570,45019-North Charleston 23,874,465,1359
571,45019-North Charleston 24,1018,373,1429
572,45019-North Charleston 25,284,80,374
573,45019-North Charleston 26,138,35,176
574,45019-North Charleston 27,372,147,529
575,45019-North Charleston 28,286,84,381
576,45019-North Charleston 29,246,123,373
577,45019-North Charleston 3,393,471,881
578,45019-North Charleston 30,824,300,1146
579,45019-North Charleston 4,522,84,625
580,45019-North Charleston 5,692,84,793
581,45019-North Charleston 6,578,49,639
582,45019-North Charleston 7,463,48,524
583,45019-North Charleston 8,468,196,688
584,45019-North Charleston 9,668,331,1022
585,45019-Seabrook,939,985,1950
586,45019-St. Andrews 1,338,158,506
587,45019-St. Andrews 10,475,275,767
588,45019-St. Andrews 11,349,389,750
589,45019-St. Andrews 12,429,402,854
590,45019-St. Andrews 13,389,392,801
591,45019-St. Andrews 14,558,426,1004
592,45019-St. Andrews 15,578,199,790
593,45019-St. Andrews 16,414,418,854
594,45019-St. Andrews 17,580,676,1284
595,45019-St. Andrews 18,763,331,1119
596,45019-St. Andrews 19,205,20,229
597,45019-St. Andrews 2,519,304,833
598,45019-St. Andrews 20,975,595,1604
599,45019-St. Andrews 21,288,263,561
600,45019-St. Andrews 22,409,491,920
601,45019-St. Andrews 23,387,261,656
602,45019-St. Andrews 24,517,271,798
603,45019-St. Andrews 25,640,340,1003
604,45019-St. Andrews 26,544,431,998
605,45019-St. Andrews 27,1851,1389,3312
606,45019-St. Andrews 28,1509,1510,3056
607,45019-St. Andrews 29,1354,1173,2580
608,45019-St. Andrews 3,766,238,1028
609,45019-St. Andrews 30,734,647,1403
610,45019-St. Andrews 31,412,454,890
611,45019-St. Andrews 32,384,460,871
612,45019-St. Andrews 33,303,403,717
613,45019-St. Andrews 34,810,1006,1841
614,45019-St. Andrews 35,569,785,1384
615,45019-St. Andrews 36,571,638,1231
616,45019-St. Andrews 37,1763,1947,3780
617,45019-St. Andrews 4,564,594,1183
618,45019-St. Andrews 5,666,484,1173
619,45019-St. Andrews 6,435,521,972
620,45019-St. Andrews 7,679,650,1356
621,45019-St. Andrews 8,436,128,580
622,45019-St. Andrews 9,605,69,687
623,45019-St. Pauls 1,426,176,612
624,45019-St. Pauls 2A,319,328,660
625,45019-St. Pauls 2B,555,462,1032
626,45019-St. Pauls 3,623,1220,1874
627,45019-St. Pauls 4,828,361,1217
628,45019-St. Pauls 5,365,414,790
629,45019-St. Pauls 6,721,1188,1928
630,45019-Sullivans Island,671,650,1350
631,45019-Wadmalaw Island 1,482,396,893
632,45019-Wadmalaw Island 2,572,357,950
633,45021-Allens,72,683,759
634,45021-Alma Mill,404,526,936
635,45021-Antioch and King's Creek,97,995,1101
636,45021-Ashworth,96,837,938
637,45021-Blacksburg Ward No. 1,150,485,643
638,45021-Blacksburg Ward No. 2,127,753,888
639,45021-Draytonville,195,939,1143
640,45021-Ezells and Butler,162,1003,1178
641,45021-Gaffney Ward No. 1,227,125,357
642,45021-Gaffney Ward No. 2,447,154,613
643,45021-Gaffney Ward No. 3,495,147,644
644,45021-Gaffney Ward No. 4,402,458,868
645,45021-Gaffney Ward No. 5,246,446,697
646,45021-Gaffney Ward No. 6,169,465,636
647,45021-Goucher and Thicketty,133,902,1044
648,45021-Grassy Pond,331,1531,1874
649,45021-Holly Grove and Buffalo,119,787,915
650,45021-Limestone Mill,167,280,449
651,45021-Littlejohn's and Sarratt's,27,299,329
652,45021-Macedonia,272,1107,1392
653,45021-Morgan,132,915,1056
654,45021-Musgrove Mill,295,870,1177
655,45021-Ninety Nine and Cherokee Falls,61,635,706
656,45021-Pleasant Grove,319,367,694
657,45021-Pleasant Meadows,372,153,531
658,45021-Timber Ridge,79,695,776
659,45021-White Plains,143,843,993
660,45021-Wilkinsville and Metcalf,25,423,450
661,45021-Wood's,131,792,926
662,45023-Baldwin Mill,379,344,730
663,45023-Baton Rouge,122,382,510
664,45023-Beckhamville,242,386,633
665,45023-Blackstock,179,348,528
666,"45023-Chester, Ward 1",661,366,1041
667,"45023-Chester, Ward 2",420,112,541
668,"45023-Chester, Ward 3",506,497,1012
669,"45023-Chester, Ward 4",429,161,599
670,"45023-Chester, Ward 5",252,556,819
671,45023-Edgemoor,270,709,991
672,45023-Eureka Mill,617,438,1069
673,45023-Fort Lawn,388,743,1138
674,45023-Great Falls,235,333,574
675,45023-Halsellville,71,80,152
676,45023-Hazelwood,160,444,609
677,45023-Lando/Landsford,216,644,874
678,45023-Lowrys,200,574,786
679,45023-Richburg,411,713,1137
680,45023-Rodman,334,718,1063
681,45023-Rossville,71,272,346
682,45023-Wilksburg,190,208,401
683,45025-Angelus-Catarrh,145,378,527
684,45025-Bay Springs,29,241,279
685,45025-Black Creek,97,234,336
686,45025-Brocks Mill,509,476,1001
687,45025-Cash,378,355,740
688,45025-Center Grove-Winzo,314,371,688
689,45025-Cheraw No. 1,352,561,924
690,45025-Cheraw No. 2,331,386,720
691,45025-Cheraw No. 3,577,300,897
692,45025-Cheraw No. 4,441,429,880
693,45025-Courthouse,426,955,1402
694,45025-Dudley-Mangum,152,555,708
695,45025-Grants Mill,308,609,921
696,45025-Jefferson,407,812,1233
697,45025-McBee,346,739,1093
698,45025-Middendorf,72,452,527
699,45025-Mt. Croghan,56,246,304
700,45025-Ousleydale,62,490,554
701,45025-Pageland No. 1,488,778,1278
702,45025-Pageland No. 2,412,643,1070
703,45025-Patrick,132,315,456
704,45025-Pee Dee,35,180,215
705,45025-Ruby,249,505,762
706,45025-Shiloh,125,367,494
707,45025-Snow Hill-Vaughn,77,301,378
708,45027-Alcolu,286,315,607
709,45027-Barrineau,43,357,404
710,45027-Barrows Mill,23,92,115
711,45027-Bloomville,102,229,334
712,45027-Calvary,246,94,346
713,45027-Davis Station,528,847,1387
714,45027-Harmony,210,294,510
715,45027-Hicks,72,431,508
716,45027-Home Branch,32,201,236
717,45027-Jordan,565,1550,2130
718,45027-Manning No. 1,287,169,461
719,45027-Manning No. 2,353,300,656
720,45027-Manning No. 3,433,679,1122
721,45027-Manning No. 4,782,186,982
722,45027-Manning No. 5,377,306,701
723,45027-New Zion,112,231,346
724,45027-Oakdale,69,136,208
725,45027-Panola,106,55,162
726,45027-Paxville,383,292,689
727,45027-Sardinia-Gable,124,78,204
728,45027-Summerton No. 1,590,1092,1708
729,45027-Summerton No. 2,207,60,270
730,45027-Summerton No. 3,480,155,643
731,45027-Turbeville,168,559,736
732,45027-Wilson-Foreston,486,357,855
733,45029-Ashton-Lodge,72,263,344
734,45029-Bells,65,147,213
735,45029-Berea-Smoaks,297,292,593
736,45029-Canadys,175,241,423
737,45029-Cottageville,365,798,1177
738,45029-Edisto,114,89,206
739,45029-Edisto Beach,283,690,982
740,45029-Green Pond,412,194,615
741,45029-Hendersonville,410,316,734
742,45029-Horse Pen,140,284,426
743,45029-Hudson Mill,118,297,419
744,45029-Jacksonboro,162,69,233
745,45029-Maple Cane,134,619,756
746,45029-Mashawville,270,285,560
747,45029-Peeples,280,457,746
748,45029-Peniel,257,341,604
749,45029-Petits,69,125,197
750,45029-Rice Patch,156,313,473
751,45029-Ritter,290,162,455
752,45029-Round O,226,485,717
753,45029-Ruffin,83,96,181
754,45029-Sidneys,94,350,448
755,45029-Sniders,123,367,496
756,45029-Stokes,107,380,490
757,45029-Walterboro No. 1,448,431,892
758,45029-Walterboro No. 2,370,270,649
759,45029-Walterboro No. 3,643,194,846
760,45029-Walterboro No. 4,377,611,1007
761,45029-Walterboro No. 5,359,780,1148
762,45029-Walterboro No. 6,353,353,720
763,45029-Williams,70,133,206
764,45029-Wolfe Creek,46,257,305
765,45031-Antioch,397,803,1212
766,45031-Auburn,300,101,412
767,45031-Bethel,177,283,463
768,45031-Black Creek-Clyde,203,670,883
769,45031-Burnt Branch,155,365,523
770,45031-Darlington No. 1,95,78,176
771,45031-Darlington No. 2,545,331,883
772,45031-Darlington No. 3,795,1194,2008
773,45031-Darlington No. 4,563,342,912
774,45031-Darlington No. 5,769,155,933
775,45031-Darlington No. 6,425,622,1060
776,45031-Dovesville,547,409,968
777,45031-Hartsville No. 1,327,608,950
778,45031-Hartsville No. 4,321,166,498
779,45031-Hartsville No. 5,719,992,1730
780,45031-Hartsville No. 6,737,33,783
781,45031-Hartsville No. 7,270,330,604
782,45031-Hartsville No. 8,421,1569,2009
783,45031-Hartsville No. 9,440,724,1180
784,45031-High Hill,882,987,1887
785,45031-Indian Branch,121,338,464
786,45031-Kelleytown,334,1139,1494
787,45031-Lake Swamp,380,604,994
788,45031-Lamar No. 1,346,225,575
789,45031-Lamar No. 2,392,717,1117
790,45031-Lydia,268,188,461
791,45031-Mechanicsville,553,625,1192
792,45031-New Market,109,631,747
793,45031-Oates,222,519,750
794,45031-Palmetto,651,642,1306
795,45031-Society Hill,297,173,477
796,45031-Swift Creek,204,444,658
797,45033-Bermuda,63,126,189
798,45033-Carolina,95,90,186
799,45033-East Dillon,290,1173,1468
800,45033-Floydale,70,377,452
801,45033-Fork,63,257,320
802,45033-Hamer,206,344,560
803,45033-Kemper,125,196,327
804,45033-Lake View,326,536,872
805,45033-Latta,805,930,1750
806,45033-Little Rock,241,167,410
807,45033-Manning,82,143,226
808,45033-Minturn,70,67,137
809,45033-Mt. Calvary,693,456,1159
810,45033-New Holly,75,193,268
811,45033-Oak Grove,164,512,680
812,45033-Oakland,330,257,596
813,45033-Pleasant Hill,77,211,289
814,45033-South Dillon,687,193,888
815,45033-West Dillon,778,297,1082
816,45035-Archdale,407,363,790
817,45035-Archdale 2,464,508,982
818,45035-Ashborough East,393,344,745
819,45035-Ashborough East 2,174,464,650
820,45035-Ashborough West,141,214,357
821,45035-Ashborough West 2,290,542,848
822,45035-Ashley River,786,803,1617
823,45035-Bacons Bridge,731,1153,1912
824,45035-Bacons Bridge 2,430,621,1069
825,45035-Beech Hill,423,861,1294
826,45035-Beech Hill 2,860,1590,2494
827,45035-Brandymill,187,304,500
828,45035-Brandymill 2,361,424,797
829,45035-Briarwood,302,393,704
830,45035-Briarwood 2,293,412,715
831,45035-Briarwood 3,180,308,498
832,45035-Butternut,610,1053,1691
833,45035-Carolina,623,559,1194
834,45035-Central,383,756,1151
835,45035-Central 2,412,606,1032
836,45035-Clemson,364,927,1379
837,45035-Clemson 2,680,923,1817
838,45035-Clemson 3,389,473,955
839,45035-Coastal,438,294,742
840,45035-Coastal 2,433,605,1047
841,45035-Coastal 3,214,256,475
842,45035-Coosaw,950,1096,2083
843,45035-Coosaw 2,758,668,1450
844,45035-Coosaw 3,378,531,924
845,45035-Cypress,799,1173,1994
846,45035-Cypress 2,274,549,833
847,45035-Delemars,636,905,1556
848,45035-Dorchester,338,451,796
849,45035-Dorchester 2,273,510,799
850,45035-Flowertown,964,1838,2838
851,45035-Flowertown 2,332,547,897
852,45035-Flowertown 3,409,559,981
853,45035-Four Hole,281,474,762
854,45035-Germantown,393,570,979
855,45035-Givhans,218,484,709
856,45035-Givhans 2,341,581,931
857,45035-Greenhurst,381,421,813
858,45035-Greenwave,288,381,678
859,45035-Grover,245,385,636
860,45035-Harleyville,156,327,489
861,45035-Indian Field,241,166,414
862,45035-Indian Field 2,302,291,599
863,45035-Irongate,156,346,510
864,45035-Irongate 2,114,150,266
865,45035-Irongate 3,147,268,420
866,45035-King's Grant,560,620,1193
867,45035-King's Grant 2,687,734,1442
868,45035-Knightsville,309,641,959
869,45035-Lincoln,502,232,746
870,45035-Miles/Jamison,644,808,1473
871,45035-Newington,271,561,850
872,45035-Newington 2,160,378,542
873,45035-North Summerville,135,209,349
874,45035-North Summerville 2,580,303,899
875,45035-Oakbrook,1265,1164,2469
876,45035-Oakbrook 2,436,472,927
877,45035-Patriot,748,311,1077
878,45035-Reevesville,284,431,726
879,45035-Ridgeville,283,558,849
880,45035-Ridgeville 2,210,222,435
881,45035-Rosinville,403,533,948
882,45035-Rosses,243,485,739
883,45035-Saul Dam,363,734,1111
884,45035-Sawmill Branch,351,713,1074
885,45035-Spann,324,644,988
886,45035-St. George No. 1,387,423,813
887,45035-St. George No. 2,190,279,483
888,45035-Stallsville,260,487,761
889,45035-Tranquil,182,258,446
890,45035-Tranquil 2,482,384,888
891,45035-Tranquil 3,339,304,651
892,45035-Trolley,371,330,706
893,45035-Tupperway,217,372,599
894,45035-Tupperway 2,284,380,678
895,45035-Windsor,330,295,634
896,45035-Windsor 2,347,147,497
897,45037-Brunson,250,188,443
898,45037-Edgefield No. 2,584,683,1281
899,45037-Edgefield No.1,233,466,709
900,45037-Harmony,173,593,774
901,45037-Johnston No. 2,396,381,787
902,45037-Johnston No.1,437,393,842
903,45037-Merriwether No. 2,607,2137,2775
904,45037-Merriwether No.1,527,1984,2541
905,45037-North Side,173,185,359
906,45037-Trenton,347,486,838
907,45037-Trenton 2,862,790,1688
908,45037-Westside,69,802,877
909,45039-Blackstock,36,16,52
910,45039-Blairs,229,75,306
911,45039-Centerville,68,157,229
912,45039-Dutchman Creek,362,850,1227
913,45039-Feasterville,132,61,196
914,45039-Gladden Grove,18,29,47
915,45039-Greenbrier,798,562,1377
916,45039-Hickory Ridge,369,228,604
917,45039-Horeb-Glenn,186,44,230
918,45039-Jenkinsville,300,107,413
919,45039-Lebanon,254,270,529
920,45039-Mitford,222,280,509
921,45039-Monticello,242,158,407
922,45039-New Hope,17,32,49
923,45039-Ridgeway,968,568,1557
924,45039-Simpson,321,349,683
925,45039-South Winnsboro,354,96,453
926,45039-White Oak,129,48,182
927,45039-Winnsboro Mills,248,187,452
928,45039-Winnsboro No. 1,579,277,865
929,45039-Winnsboro No. 2,365,360,730
930,45039-Woodward,69,25,94
931,45041-Back Swamp,100,226,330
932,45041-Brookgreen,308,94,408
933,45041-Cartersville,201,299,504
934,45041-Claussen,537,1027,1579
935,45041-Coles Crossroads,933,1011,1967
936,45041-Coward 1,155,423,583
937,45041-Coward 2,154,508,665
938,45041-Delmae 1,708,641,1375
939,45041-Delmae 2,374,1032,1422
940,45041-Ebenezer 1,947,1798,2781
941,45041-Ebenezer 2,1080,1294,2407
942,45041-Ebenezer 3,461,811,1287
943,45041-Effingham,124,439,574
944,45041-Elim-Glenwood,304,934,1244
945,45041-Evergreen,191,539,738
946,45041-Florence Ward 1,600,35,646
947,45041-Florence Ward 10,310,17,332
948,45041-Florence Ward 11,277,279,563
949,45041-Florence Ward 12,576,1097,1701
950,45041-Florence Ward 14,619,961,1612
951,45041-Florence Ward 15,165,56,227
952,45041-Florence Ward 2,444,53,511
953,45041-Florence Ward 3,542,25,582
954,45041-Florence Ward 4,243,179,427
955,45041-Florence Ward 5,367,209,592
956,45041-Florence Ward 6,195,355,561
957,45041-Florence Ward 7,507,793,1323
958,45041-Florence Ward 8,441,995,1455
959,45041-Florence Ward 9,736,30,778
960,45041-Friendfield,50,357,408
961,45041-Gilbert,920,206,1141
962,45041-Greenwood,752,781,1559
963,45041-Hannah,57,429,491
964,45041-High Hill,79,269,350
965,45041-Johnsonville,352,1048,1417
966,45041-Kingsburg-Stone,317,345,667
967,45041-Lake City No. 1,601,177,788
968,45041-Lake City No. 2,294,511,811
969,45041-Lake City No. 3,564,406,981
970,45041-Lake City No. 4,847,67,926
971,45041-Leo,86,157,246
972,45041-Mars Bluff No. 1,715,847,1581
973,45041-Mars Bluff No. 2,376,678,1066
974,45041-McAllister Mill,136,341,478
975,45041-Mill Branch,225,171,403
976,45041-Oak Grove-Sardis,129,674,809
977,45041-Olanta,333,584,928
978,45041-Pamplico No. 1,202,608,817
979,45041-Pamplico No. 2,210,154,375
980,45041-Prospect,19,252,274
981,45041-Quinby,439,161,614
982,45041-Salem,33,346,380
983,45041-Savannah Grove,1564,1327,2925
984,45041-Scranton,204,318,527
985,45041-South Florence 1,856,1014,1898
986,45041-South Florence 2,872,245,1140
987,45041-Spaulding,720,39,764
988,45041-Tans Bay,560,695,1278
989,45041-Timmonsville 1,629,177,820
990,45041-Timmonsville 2,449,466,926
991,45041-Vox,77,336,418
992,45041-West Florence 1,1064,1496,2599
993,45041-West Florence 2,373,762,1147
994,45043-Andrews,626,375,1029
995,45043-Andrews Outside,334,319,660
996,45043-Bethel,89,701,795
997,45043-Black River,300,1011,1319
998,45043-Brown's Ferry,957,307,1279
999,45043-Carver's Bay,37,112,150
1000,45043-Choppee,415,263,687
1001,45043-Dreamkeepers,489,31,531
1002,45043-Folly Grove,149,442,592
1003,45043-Georgetown No. 1,294,397,705
1004,45043-Georgetown No. 3,619,106,741
1005,45043-Georgetown No. 4,170,269,442
1006,45043-Georgetown No. 5,439,850,1305
1007,45043-Kensington,233,684,925
1008,45043-Lambert Town,63,330,399
1009,45043-Murrells Inlet No. 1,870,2002,2912
1010,45043-Murrells Inlet No. 2,621,1307,1951
1011,45043-Murrells Inlet No. 3,195,499,697
1012,45043-Murrells Inlet No. 4,275,1004,1287
1013,45043-Myersville,241,43,287
1014,45043-Pawleys Island No. 1,966,1816,2816
1015,45043-Pawleys Island No. 2,1252,1641,2937
1016,45043-Pawleys Island No. 3,766,1449,2243
1017,45043-Pawleys Island No. 4,705,1740,2480
1018,45043-Pawleys Island No. 5,890,1863,2785
1019,45043-Pee Dee,277,125,406
1020,45043-Pennyroyal,142,251,398
1021,45043-Plantersville,302,162,472
1022,45043-Pleasant Hill,212,457,675
1023,45043-Potato Bed Ferry,176,349,530
1024,45043-Sampit,496,146,651
1025,45043-Santee,552,173,734
1026,45043-Spring Gulley,628,571,1214
1027,45043-Winyah Bay,171,513,688
1028,45045-Aiken,359,258,628
1029,45045-Altamont Forest,326,781,1138
1030,45045-Asheton Lakes,853,1733,2628
1031,45045-Avon,389,819,1238
1032,45045-Baker Creek,240,789,1041
1033,45045-Belle Meade,790,105,912
1034,45045-Bells Crossing,775,1451,2262
1035,45045-Belmont,343,204,557
1036,45045-Berea,381,459,860
1037,45045-Boiling Springs,571,962,1565
1038,45045-Botany Woods,387,762,1178
1039,45045-Bridge Fork,411,881,1312
1040,45045-Brook Glenn,279,523,811
1041,45045-Canebrake,766,1356,2183
1042,45045-Carolina,538,185,740
1043,45045-Castle Rock,561,1847,2428
1044,45045-Chestnut Hills,542,495,1062
1045,45045-Circle Creek,837,1572,2448
1046,45045-Clear Creek,268,1078,1362
1047,45045-Conestee,858,911,1795
1048,45045-Darby Ridge,516,1728,2272
1049,45045-Del Norte,618,867,1513
1050,45045-Devenger,466,968,1469
1051,45045-Donaldson,871,562,1451
1052,45045-Dove Tree,516,836,1381
1053,45045-Dunklin,263,1622,1905
1054,45045-Eastside,624,1193,1858
1055,45045-Ebenezer,415,1431,1884
1056,45045-Edwards Forest,507,1082,1609
1057,45045-Enoree,984,1344,2379
1058,45045-Feaster,425,508,954
1059,45045-Fork Shoals,263,1297,1580
1060,45045-Fountain Inn 1,1148,1531,2718
1061,45045-Fountain Inn 2,464,796,1276
1062,45045-Fox Chase,388,1317,1721
1063,45045-Frohawk,298,949,1270
1064,45045-Furman,882,1330,2249
1065,45045-Gowensville,355,1380,1748
1066,45045-Granite Creek,931,1625,2609
1067,45045-Graze Branch,463,1009,1500
1068,45045-Greenbriar,813,968,1805
1069,45045-Greenville 1,657,723,1421
1070,45045-Greenville 10,1061,743,1851
1071,45045-Greenville 14,789,167,978
1072,45045-Greenville 16,748,819,1595
1073,45045-Greenville 17,610,741,1382
1074,45045-Greenville 18,471,752,1237
1075,45045-Greenville 19,929,348,1307
1076,45045-Greenville 20,422,553,985
1077,45045-Greenville 21,471,468,963
1078,45045-Greenville 22,653,1154,1848
1079,45045-Greenville 23,587,1113,1722
1080,45045-Greenville 24,1857,1819,3745
1081,45045-Greenville 25,469,422,907
1082,45045-Greenville 26,785,398,1215
1083,45045-Greenville 27,235,509,775
1084,45045-Greenville 28,348,298,669
1085,45045-Greenville 29,957,410,1400
1086,45045-Greenville 3,1070,876,2000
1087,45045-Greenville 4,1034,494,1567
1088,45045-Greenville 5,1301,828,2175
1089,45045-Greenville 6,359,182,552
1090,45045-Greenville 7,981,404,1419
1091,45045-Greenville 8,1633,1011,2702
1092,45045-Grove,527,549,1091
1093,45045-Hillcrest,690,1251,1968
1094,45045-Holly Tree,358,694,1068
1095,45045-Jennings Mill,467,1114,1603
1096,45045-Kilgore Farms,805,1305,2143
1097,45045-Lakeview,697,762,1504
1098,45045-Laurel Ridge,581,1427,2048
1099,45045-Leawood,575,874,1477
1100,45045-Locust Hill,250,987,1255
1101,45045-Long Creek,669,1218,1925
1102,45045-Maple Creek,524,1036,1584
1103,45045-Maridell,321,1355,1707
1104,45045-Mauldin 1,861,874,1762
1105,45045-Mauldin 2,1421,1740,3211
1106,45045-Mauldin 3,883,724,1635
1107,45045-Mauldin 4,853,1307,2192
1108,45045-Mauldin 5,995,1029,2064
1109,45045-Mauldin 6,753,879,1655
1110,45045-Mauldin 7,580,829,1447
1111,45045-Mission,782,1191,2007
1112,45045-Monaview,479,581,1081
1113,45045-Moore Creek,1617,1997,3662
1114,45045-Mountain Creek,482,1305,1816
1115,45045-Mountain View,246,1661,1929
1116,45045-Mt Pleasant,745,304,1071
1117,45045-Neely Farms,1072,1679,2820
1118,45045-Northwood,493,913,1437
1119,45045-Oakview,841,1613,2497
1120,45045-Oneal,662,2414,3107
1121,45045-Palmetto,475,731,1243
1122,45045-Paris Mountain,356,745,1130
1123,45045-Pebble Creek,538,1261,1832
1124,45045-Pelham Falls,302,549,877
1125,45045-Piedmont,769,1340,2142
1126,45045-Pineview,250,916,1177
1127,45045-Poinsett,907,1329,2271
1128,45045-Raintree,1020,1647,2722
1129,45045-Ranch Creek,1494,1345,2894
1130,45045-Reedy Fork,1141,1508,2680
1131,45045-River Walk,668,1273,1976
1132,45045-Riverside,777,1130,1957
1133,45045-Rock Hill,664,879,1575
1134,45045-Rocky Creek,542,753,1316
1135,45045-Rolling Green,480,1006,1524
1136,45045-Royal Oaks,648,197,859
1137,45045-Saluda,408,641,1060
1138,45045-Sandy Flat,698,2475,3210
1139,45045-Sevier,650,1297,1982
1140,45045-Silverleaf,625,1200,1853
1141,45045-Simpsonville 1,692,1106,1819
1142,45045-Simpsonville 2,723,999,1747
1143,45045-Simpsonville 3,736,1392,2160
1144,45045-Simpsonville 4,581,669,1268
1145,45045-Simpsonville 5,1154,1090,2271
1146,45045-Simpsonville 6,795,1231,2057
1147,45045-Skyland,271,2103,2401
1148,45045-Slater Marietta,395,1868,2303
1149,45045-Southside,766,793,1584
1150,45045-Sparrows Point,809,1296,2144
1151,45045-Spring Forest,642,754,1428
1152,45045-Standing Springs,525,813,1365
1153,45045-Stone Valley,474,904,1413
1154,45045-Stonehaven,540,1039,1604
1155,45045-Suber Mill,1001,1649,2705
1156,45045-Sugar Creek,540,1253,1846
1157,45045-Sulphur Springs,724,1383,2143
1158,45045-Sycamore,849,1987,2881
1159,45045-Tanglewood,670,668,1369
1160,45045-Taylors,534,773,1340
1161,45045-Thornblade,801,1428,2271
1162,45045-Tigerville,516,2044,2588
1163,45045-Timberlake,780,1064,1887
1164,45045-Trade,649,914,1594
1165,45045-Travelers Rest 1,818,1331,2201
1166,45045-Travelers Rest 2,405,918,1349
1167,45045-Tubbs Mountain,514,1673,2212
1168,45045-Tyger River,392,592,1009
1169,45045-Verdmont,607,1185,1821
1170,45045-Wade Hampton,438,928,1399
1171,45045-Walnut Springs,1537,3067,4686
1172,45045-Ware Place,347,1293,1658
1173,45045-Welcome,645,533,1196
1174,45045-Wellington,413,739,1177
1175,45045-Westcliffe,366,672,1058
1176,45045-Westside,490,743,1249
1177,45045-Woodmont,1043,1102,2181
1178,45045-Woodruff Lakes,657,1244,1937
1179,45047-Airport,235,470,717
1180,45047-Allie's Crossing,154,496,656
1181,45047-Angel Oaks Crossing,302,766,1084
1182,45047-Ashley River Run,206,70,286
1183,45047-Bee's Ferry,428,33,473
1184,45047-Biltmore Pines,227,570,806
1185,45047-Bradley,52,111,164
1186,45047-Callison,146,582,733
1187,45047-Civic Center,465,436,917
1188,45047-Cokesbury,333,361,701
1189,45047-Coronaca,242,871,1128
1190,45047-Emerald,287,95,392
1191,45047-Emerald High,99,285,387
1192,45047-Epworth,84,426,514
1193,45047-Fairhope Ferry,354,224,587
1194,45047-Georgetown,250,419,679
1195,45047-Gideon's Way,312,207,526
1196,45047-Glendale,112,433,555
1197,45047-Graham's Glen,154,528,689
1198,45047-Grandiflora Glen,360,376,750
1199,45047-Greenwood High,228,448,686
1200,45047-Greenwood Mill,129,387,530
1201,45047-Harris,217,392,618
1202,45047-Hodges,186,820,1014
1203,45047-Hope's Ferry,239,219,466
1204,45047-Laco,274,522,805
1205,45047-Liberty,233,266,505
1206,45047-Livi's Knoll,334,443,784
1207,45047-Loblolly Pines,261,65,334
1208,45047-Lower Lake,276,896,1185
1209,45047-Marshall Oaks,196,91,296
1210,45047-Maxwellton Pike,104,522,631
1211,45047-Mimosa Crest,242,386,632
1212,45047-Mountain Laurel,245,207,459
1213,45047-New Castle,218,596,820
1214,45047-New Market,251,375,635
1215,45047-Ninety Six,209,368,584
1216,45047-Ninety Six Mill,80,466,555
1217,45047-Parson's Mill,253,352,610
1218,45047-Pebble Stone Way,270,318,595
1219,45047-Pinecrest,259,373,644
1220,45047-Riley,41,112,155
1221,45047-Rutherford Shoals,130,397,533
1222,45047-Sandridge,56,446,507
1223,45047-Shoals Junction,46,203,250
1224,45047-Sparrows Grace,236,894,1141
1225,45047-Stonewood,197,605,810
1226,45047-Troy,24,91,115
1227,45047-Verdery,340,381,734
1228,45047-Ware Shoals,130,227,361
1229,45049-Black Creek,52,141,193
1230,45049-Bonnett,151,404,558
1231,45049-Brunson,158,261,425
1232,45049-Crocketville-Miley,116,223,341
1233,45049-Cummings,259,268,537
1234,45049-Early Branch,155,122,282
1235,45049-Estill,983,297,1302
1236,45049-Furman,142,90,237
1237,45049-Garnett,76,24,100
1238,45049-Gifford,161,23,185
1239,45049-Hampton No. 1,305,373,680
1240,45049-Hampton No. 2,439,530,985
1241,45049-Hopewell,23,184,210
1242,45049-Horse Gall,10,69,80
1243,45049-Rivers Mill,25,32,58
1244,45049-Scotia,182,31,217
1245,45049-Varnville,683,479,1177
1246,45049-Yemassee,403,247,658
1247,45051-Adrian,377,1154,1543
1248,45051-Allsbrook,89,522,613
1249,45051-Atlantic Beach,82,20,103
1250,45051-Aynor,311,1468,1794
1251,45051-Bayboro-Gurley,280,808,1096
1252,45051-Brooksville #1,1109,2448,3588
1253,45051-Brooksville #2,347,702,1060
1254,45051-Brownway,341,1258,1613
1255,45051-Burgess #1,585,1364,1968
1256,45051-Burgess #3,636,1499,2149
1257,45051-Burgess #4,477,1164,1648
1258,45051-Burgess #5,584,1362,1958
1259,45051-Burgess#2,695,1744,2460
1260,45051-Carolina Bays,666,1679,2364
1261,45051-Carolina Forest #1,750,1508,2283
1262,45051-Carolina Forest #2,528,928,1469
1263,45051-Cedar Grove,137,1042,1193
1264,45051-Cherry Grove #1,549,1720,2300
1265,45051-Cherry Grove #2,389,849,1243
1266,45051-Coastal Carolina,299,487,794
1267,45051-Coastal Lane #1,387,94,487
1268,45051-Coastal Lane #2,370,217,598
1269,45051-Cool Springs,64,377,444
1270,45051-Crescent,384,911,1306
1271,45051-Daisy,223,889,1125
1272,45051-Deerfield,1081,2340,3455
1273,45051-Dogbluff,83,849,937
1274,45051-Dogwood,584,994,1600
1275,45051-Dunes #1,939,2332,3291
1276,45051-Dunes #2,506,1273,1797
1277,45051-Dunes #3,352,466,834
1278,45051-East Conway,439,913,1368
1279,45051-East Loris,759,1598,2371
1280,45051-Ebenezer,700,1828,2544
1281,45051-Emerald Forest #1,569,1186,1779
1282,45051-Emerald Forest #2,1369,2848,4259
1283,45051-Emerald Forest #3,1064,2249,3361
1284,45051-Enterprise #1,493,1055,1569
1285,45051-Enterprise #2,451,1011,1476
1286,45051-Forestbrook,850,1648,2519
1287,45051-Four Mile,460,1122,1600
1288,45051-Galivants Ferry,24,113,140
1289,45051-Garden City #1,403,1322,1733
1290,45051-Garden City #2,217,838,1068
1291,45051-Garden City #3,527,991,1528
1292,45051-Garden City #4,281,641,927
1293,45051-Glenns Bay,491,1140,1652
1294,45051-Green Sea,164,569,742
1295,45051-Hickory Grove,272,890,1169
1296,45051-Homewood,423,974,1412
1297,45051-Horry,246,1268,1527
1298,45051-Inland,86,155,242
1299,45051-Jackson Bluff,111,348,462
1300,45051-Jamestown,1038,1549,2616
1301,45051-Jernigans X Roads,100,475,577
1302,45051-Jet Port #1,514,1067,1601
1303,45051-Jet Port #2,328,586,927
1304,45051-Jet Port #3,661,1256,1933
1305,45051-Jet Port #4,797,1363,2178
1306,45051-Juniper Bay,325,1128,1464
1307,45051-Lake Park #1,362,688,1064
1308,45051-Lake Park #2,455,683,1153
1309,45051-Lake Park #3,551,1140,1709
1310,45051-Leon,656,985,1657
1311,45051-Little River #1,834,2167,3021
1312,45051-Little River #2,734,1803,2561
1313,45051-Little River #3,495,1215,1724
1314,45051-Live Oak,166,537,709
1315,45051-Maple,307,975,1298
1316,45051-Marlowe #1,530,1365,1906
1317,45051-Marlowe #2,944,1914,2876
1318,45051-Marlowe #3,1157,2581,3779
1319,45051-Methodist-Mill Swamp,94,1074,1175
1320,45051-Mt Olive,165,749,920
1321,45051-Mt Vernon,77,434,514
1322,45051-Myrtle Trace,413,642,1062
1323,45051-Myrtlewood #1,289,466,768
1324,45051-Myrtlewood #2,430,793,1243
1325,45051-Myrtlewood #3,380,956,1348
1326,45051-Nixons X Roads #1,646,1785,2446
1327,45051-Nixons X Roads #2,1023,1857,2901
1328,45051-Nixons X Roads #3,574,1297,1888
1329,45051-North Conway #1,581,866,1459
1330,45051-North Conway #2,234,583,829
1331,45051-Ocean Drive #1,587,1643,2248
1332,45051-Ocean Drive #2,331,1108,1446
1333,45051-Ocean Drive #3,478,1367,1863
1334,45051-Ocean Forest #1,383,815,1210
1335,45051-Ocean Forest #2,1047,2073,3139
1336,45051-Ocean Forest #3,482,658,1156
1337,45051-Palmetto Bays,1201,2527,3765
1338,45051-Pawleys Swamp,60,351,415
1339,45051-Pleasant View,46,427,477
1340,45051-Poplar Hill,76,721,801
1341,45051-Port Harrelson,366,55,424
1342,45051-Racepath #1,490,434,938
1343,45051-Racepath #2,785,436,1229
1344,45051-Red Bluff,290,558,857
1345,45051-Red Hill #1,180,499,689
1346,45051-Red Hill #2,583,1074,1674
1347,45051-River Oaks,1042,2524,3598
1348,45051-Salem,542,1665,2231
1349,45051-Sea Oats #1,379,650,1048
1350,45051-Sea Oats #2,355,503,867
1351,45051-Sea Winds,968,1968,2958
1352,45051-Shell,291,1192,1501
1353,45051-Socastee #1,388,867,1268
1354,45051-Socastee #2,307,1044,1364
1355,45051-Socastee #3,1127,2752,3922
1356,45051-Socastee #4,254,642,910
1357,45051-Surfside #1,494,1289,1798
1358,45051-Surfside #2,254,632,893
1359,45051-Surfside #3,630,1607,2256
1360,45051-Surfside #4,839,1852,2731
1361,45051-Sweet Home,360,602,967
1362,45051-Tilly Swamp,685,2093,2802
1363,45051-Toddville,391,907,1306
1364,45051-Waccamaw,1044,2179,3251
1365,45051-Wampee,954,1195,2172
1366,45051-West Conway,258,293,558
1367,45051-West Loris,349,262,615
1368,45051-White Oak,72,514,594
1369,45051-Wild Wing,1301,2780,4106
1370,45051-Windy Hill #1,319,764,1094
1371,45051-Windy Hill #2,784,1866,2674
1372,45053-Coosawhatchie,230,83,316
1373,45053-Gillisonville,214,240,460
1374,45053-Grahamville 1,381,620,1008
1375,45053-Grahamville 2,894,590,1499
1376,45053-Grays,130,436,567
1377,45053-Hardeeville  3,243,462,709
1378,45053-Hardeeville 1,308,276,596
1379,45053-Hardeeville 2,291,186,490
1380,45053-Levy,709,518,1243
1381,45053-Margaritaville,1213,1823,3067
1382,45053-Okatie 1,267,424,697
1383,45053-Okatie 2,469,731,1209
1384,45053-Pineland,379,71,455
1385,45053-Ridgeland 1,206,474,690
1386,45053-Ridgeland 2,318,344,670
1387,45053-Ridgeland 3,222,390,614
1388,45053-Sun City,1393,2018,3443
1389,45053-Tillman,271,202,476
1390,45055-Airport,272,531,810
1391,45055-Antioch,181,431,619
1392,45055-Bethune,278,519,814
1393,45055-Buffalo,158,914,1077
1394,45055-Camden No. 1,641,548,1211
1395,45055-Camden No. 2,111,149,264
1396,45055-Camden No. 5,261,422,696
1397,45055-Camden No. 5-A,205,151,358
1398,45055-Camden No. 6,248,370,627
1399,45055-Cassatt,251,815,1077
1400,45055-Charlotte Thompson,483,679,1178
1401,45055-Doby's Mill,501,987,1509
1402,45055-Elgin No. 1,796,1138,1956
1403,45055-Elgin No. 2,477,802,1292
1404,45055-Elgin No. 3,436,605,1051
1405,45055-Elgin No. 4,515,893,1433
1406,45055-Elgin No. 5,460,690,1166
1407,45055-Elgin No. 6,463,498,967
1408,45055-Hobkirk's Hill,524,765,1313
1409,45055-Liberty Hill,101,370,472
1410,45055-Lugoff No. 1,314,609,935
1411,45055-Lugoff No. 2,437,918,1374
1412,45055-Lugoff No. 3,342,848,1206
1413,45055-Lugoff No. 4,343,828,1191
1414,45055-Malvern Hill,363,562,934
1415,45055-Rabon's Crossroads,359,1250,1627
1416,45055-Riverdale,328,103,442
1417,45055-Salt Pond,272,764,1049
1418,45055-Shaylor's Hill,272,446,724
1419,45055-Springdale,756,898,1679
1420,45055-Westville,271,943,1218
1421,45055-White's Gardens,383,808,1205
1422,45057-521 North,341,718,1069
1423,45057-Antioch,128,490,621
1424,45057-Black Horse Run,1485,2168,3711
1425,45057-Buford,248,1297,1559
1426,45057-Camp Creek,104,562,670
1427,45057-Carmel,132,287,423
1428,45057-Chesterfield Ave,573,182,773
1429,45057-College Park,430,794,1235
1430,45057-Douglas,804,1228,2057
1431,45057-Elgin,317,643,970
1432,45057-Erwin Farm,545,593,1148
1433,45057-Flat Creek,70,569,646
1434,45057-Gold Hill,554,1009,1579
1435,45057-Harrisburg,1476,1980,3513
1436,45057-Heath Springs,303,569,877
1437,45057-Hyde Park,517,972,1498
1438,45057-Jim Wilson,866,1254,2146
1439,45057-Kershaw North,332,764,1112
1440,45057-Kershaw South,189,898,1103
1441,45057-Lake House,991,1289,2298
1442,45057-Lancaster East,774,558,1352
1443,45057-Lynwood Drive,629,1007,1655
1444,45057-Osceola,1215,1599,2850
1445,45057-Pleasant Hill,283,726,1024
1446,45057-Pleasant Valley,1420,1763,3227
1447,45057-Possum Hollow,920,1388,2342
1448,45057-Rich Hill,135,807,944
1449,45057-River Road,831,1335,2190
1450,45057-Riverside,243,300,549
1451,45057-Shelley Mullis,616,863,1502
1452,45057-Springdale,541,545,1111
1453,45057-The Lodge,1055,1368,2443
1454,45057-Tradesville,131,881,1018
1455,45057-Unity,213,762,984
1456,45057-University,306,574,895
1457,45057-Van Wyck,329,724,1071
1458,45059-Bailey,239,524,776
1459,45059-Barksdale-Narnie,200,549,757
1460,45059-Brewerton-Princeton,47,534,583
1461,45059-Clinton 1,332,546,887
1462,45059-Clinton 2,379,504,901
1463,45059-Clinton 3,296,845,1150
1464,45059-Clinton Mill,420,268,700
1465,45059-Cooks,331,966,1316
1466,45059-Cross Hill,376,907,1293
1467,45059-Ekom,75,436,513
1468,45059-Gray Court,294,643,950
1469,45059-Greenpond,218,1039,1266
1470,45059-Hickory Tavern,275,1581,1873
1471,45059-Joanna,228,947,1188
1472,45059-Jones,881,1582,2493
1473,45059-Laurens 1,222,161,388
1474,45059-Laurens 2,156,69,229
1475,45059-Laurens 3,235,243,486
1476,45059-Laurens 4,318,120,448
1477,45059-Laurens 5,414,678,1111
1478,45059-Laurens 6,257,630,896
1479,45059-Long Branch,155,775,941
1480,45059-Lydia Mill,423,361,791
1481,45059-Maddens,211,681,899
1482,45059-Martins-Poplar Springs,80,457,545
1483,45059-Mount Olive,91,729,830
1484,45059-Mountville,138,301,443
1485,45059-Ora-Lanford,215,487,707
1486,45059-Owings,138,411,557
1487,45059-Trinity Ridge,342,731,1080
1488,45059-Waterloo,368,913,1292
1489,45059-Wattsville,218,617,845
1490,45059-Youngs,158,796,959
1491,45061-Ashland/Stokes Bridge,72,250,325
1492,45061-Ashwood,126,304,440
1493,45061-Bishopville No. 1,348,72,444
1494,45061-Bishopville No. 2,336,90,461
1495,45061-Bishopville No. 3,289,267,627
1496,45061-Bishopville No. 4,443,147,640
1497,45061-Cedar Creek,87,145,247
1498,45061-Cypress,233,142,402
1499,45061-Elliott,254,49,337
1500,45061-Hickory Hill,113,139,269
1501,45061-Ionia,186,291,506
1502,45061-Lynchburg,317,84,409
1503,45061-Manville,274,109,391
1504,45061-Mt. Clio,123,37,171
1505,45061-Rattlesnake Springs,92,144,247
1506,45061-Schrocks Mill/Lucknow,135,191,346
1507,45061-South Lynchburg,149,80,244
1508,45061-Spring Hill,308,152,488
1509,45061-St. Charles,424,195,660
1510,45061-St. Matthews,35,89,135
1511,45061-Turkey Creek,51,59,121
1512,45061-Woodrow,107,41,162
1513,45063-Amicks Ferry,779,2527,3345
1514,45063-Barr Road #2,910,2021,2977
1515,45063-Barr Road 1,274,831,1119
1516,45063-Batesburg,543,603,1167
1517,45063-Beulah Church,373,2025,2423
1518,45063-Boiling Springs,525,1501,2044
1519,45063-Boiling Springs South,150,887,1048
1520,45063-Bush River,545,625,1188
1521,45063-Carolina Springs,543,1046,1622
1522,45063-Cayce 2A,377,514,906
1523,45063-Cayce Ward No.1,579,486,1087
1524,45063-Cayce Ward No.2,572,420,1017
1525,45063-Cayce Ward No.3,214,306,541
1526,45063-Cedarcrest,562,871,1449
1527,45063-Chalk Hill,1336,589,1949
1528,45063-Challedon,644,399,1059
1529,45063-Chapin,692,1857,2579
1530,45063-Coldstream,657,751,1431
1531,45063-Congaree #2,267,541,819
1532,45063-Congaree 1,269,885,1170
1533,45063-Cromer,322,716,1051
1534,45063-Dreher Island,237,1199,1445
1535,45063-Dutchman Shores,649,2238,2923
1536,45063-Edenwood,637,1009,1672
1537,45063-Edmund #2,281,1077,1370
1538,45063-Edmund 1,248,624,885
1539,45063-Emmanuel Church,455,1038,1516
1540,45063-Fairview,191,812,1013
1541,45063-Faith Church,390,641,1046
1542,45063-Gardendale,577,379,973
1543,45063-Gaston #2,269,717,1006
1544,45063-Gaston 1,150,691,856
1545,45063-Gilbert,331,1541,1889
1546,45063-Grenadier,664,449,1130
1547,45063-Hollow Creek,496,1935,2450
1548,45063-Hook's Store,572,728,1319
1549,45063-Irmo,869,791,1685
1550,45063-Kitti Wake,410,796,1223
1551,45063-Lake Murray #2,806,2218,3066
1552,45063-Lake Murray 1,416,1411,1852
1553,45063-Leaphart Road,340,393,744
1554,45063-Leesville,512,1147,1690
1555,45063-Lexington No. 1,775,1452,2256
1556,45063-Lexington No. 2,580,923,1528
1557,45063-Lexington No. 3,768,1848,2654
1558,45063-Lexington No. 4,825,1428,2278
1559,45063-Lincreek,801,1031,1863
1560,45063-Mack-Edisto,111,523,639
1561,45063-Midway,306,802,1130
1562,45063-Mims,193,813,1017
1563,45063-Mount Horeb,537,1669,2229
1564,45063-Mt. Hebron,403,635,1060
1565,45063-Murraywood,713,850,1595
1566,45063-Oakwood,739,1523,2311
1567,45063-Old Barnwell Rd,506,816,1344
1568,45063-Old Lexington,651,1941,2632
1569,45063-Park Road #1,561,1189,1782
1570,45063-Park Road #2,302,753,1062
1571,45063-Pelion #2,195,894,1101
1572,45063-Pelion 1,145,792,946
1573,45063-Pilgrim Church,600,1425,2071
1574,45063-Pine Ridge 1,294,655,960
1575,45063-Pineridge #2,512,1018,1553
1576,45063-Pineview,421,911,1357
1577,45063-Platt Springs 1,248,740,1002
1578,45063-Platt Springs 2,1245,1509,2799
1579,45063-Pond Branch,260,1298,1575
1580,45063-Providence Church,522,1613,2158
1581,45063-Quail Hollow,606,928,1553
1582,45063-Quail Valley,759,758,1543
1583,45063-Red Bank,1051,2129,3221
1584,45063-Red Bank South #2,472,925,1412
1585,45063-Red Bank South 1,355,1085,1460
1586,45063-Ridge Road,306,1654,1983
1587,45063-River Bluff,849,1761,2673
1588,45063-Round Hill,840,2253,3134
1589,45063-Saluda River,589,618,1234
1590,45063-Sandhill,352,684,1045
1591,45063-Sandy Run,237,518,760
1592,45063-Seven Oaks,605,506,1141
1593,45063-Sharpe's Hill,338,967,1320
1594,45063-Springdale,501,1095,1622
1595,45063-Springdale South,170,285,460
1596,45063-St Davids,658,1332,2010
1597,45063-St. Michael,610,1341,1970
1598,45063-Summit,203,849,1064
1599,45063-Swansea #2,320,689,1020
1600,45063-Swansea 1,327,506,849
1601,45063-West Columbia No. 1,374,294,685
1602,45063-West Columbia No. 2,243,73,324
1603,45063-West Columbia No. 3,292,313,622
1604,45063-West Columbia No. 4,451,582,1048
1605,45063-Westover,464,786,1274
1606,45063-White Knoll,598,1418,2043
1607,45063-Whitehall,800,812,1646
1608,45063-Woodland Hills,491,311,818
1609,45065-Bethany,171,67,240
1610,45065-Clark's Hill,163,221,386
1611,45065-Mccormick No. 1,485,340,840
1612,45065-Mccormick No. 2,354,183,550
1613,45065-Modoc,24,209,234
1614,45065-Monticello,193,489,688
1615,45065-Mt. Carmel,96,30,130
1616,45065-Parksville,26,137,165
1617,45065-Plum Branch,300,296,602
1618,45065-Savannah,609,1505,2136
1619,45065-Willington,89,85,176
1620,45067-Britton's Neck,553,373,938
1621,45067-Centenary,562,316,889
1622,45067-Friendship,138,76,215
1623,45067-Marion No. 1,459,215,682
1624,45067-Marion No. 2,425,527,968
1625,45067-Marion North,495,512,1019
1626,45067-Marion South,1124,482,1627
1627,45067-Marion West,326,493,827
1628,45067-N East Mullins,703,521,1242
1629,45067-N West Mullins,547,301,857
1630,45067-Nichols,138,313,452
1631,45067-Rains,289,197,496
1632,45067-S East Mullins,281,671,968
1633,45067-S West Mullins,546,461,1012
1634,45067-Sellers,92,49,142
1635,45067-Temperance,406,238,655
1636,45067-Zion,188,151,345
1637,45069-Adamsville,111,190,304
1638,45069-Blenheim,86,112,204
1639,45069-Brightsville,209,241,452
1640,45069-Brownsville,74,166,242
1641,45069-Clio,561,322,895
1642,45069-East Bennettsville,557,330,899
1643,45069-East Mccoll,99,396,501
1644,45069-Mccoll,270,470,744
1645,45069-N Bennettsville,896,804,1724
1646,45069-Quicks X Roads,317,289,612
1647,45069-Red Hill,345,466,819
1648,45069-S Bennettsville,410,61,477
1649,45069-Tatum,121,141,266
1650,45069-W Bennettsville,734,335,1088
1651,45069-Wallace,306,529,839
1652,45071-Beth - Eden,145,291,445
1653,45071-Bush River,55,210,265
1654,45071-Chappells,174,438,618
1655,45071-Consolidated Number 5,207,652,874
1656,45071-Fairview,344,1333,1691
1657,45071-Hartford,258,480,745
1658,45071-Helena,364,124,491
1659,45071-Johnstone,98,277,382
1660,45071-Kinards-Jalapa,89,276,368
1661,45071-Little Mountain,265,914,1195
1662,45071-Maybinton,31,17,49
1663,45071-Mt. Bethel-Garmany,407,435,857
1664,45071-Newberry Ward 1,130,126,258
1665,45071-Newberry Ward 2,259,428,696
1666,45071-Newberry Ward 3,265,252,532
1667,45071-Newberry Ward 4,222,49,273
1668,45071-Newberry Ward 5,217,37,259
1669,45071-Newberry Ward 6,350,405,770
1670,45071-O'neal,282,1101,1395
1671,45071-Oakland,240,103,346
1672,45071-Peak,24,78,102
1673,45071-Pomaria,90,401,500
1674,45071-Prosperity City,240,347,596
1675,45071-Prosperity Outside,206,517,735
1676,45071-Silverstreet,164,410,579
1677,45071-St Phillips-Jolly Street,273,595,873
1678,45071-Stoney Hill,102,597,703
1679,45071-Wheeland,54,361,419
1680,45071-Whitmire City,138,391,534
1681,45071-Whitmire Outside,144,420,572
1682,45073-Walhalla 2,384,1582,1993
1683,45073-Long Creek,130,230,369
1684,45073-Westminster 2,215,1210,1439
1685,45073-Mountain Rest,192,694,893
1686,45073-Walhalla 1,566,2338,2934
1687,45073-Westminster 1,359,1986,2376
1688,45073-Oakway,158,945,1116
1689,45073-Tokeena-Providence,170,816,996
1690,45073-South Union,295,1093,1402
1691,45073-Return,91,547,642
1692,45073-Fair Play,147,759,911
1693,45073-Earles Grove,89,633,727
1694,45073-Richland,160,741,914
1695,45073-Salem,367,1513,1902
1696,45073-Keowee,384,1631,2033
1697,45073-West Union,342,1361,1716
1698,45073-New Hope,577,1900,2502
1699,45073-Stamp Creek,876,1572,2480
1700,45073-Bountyland,352,1012,1380
1701,45073-Seneca 1,829,1100,1959
1702,45073-Friendship,319,1170,1510
1703,45073-Shiloh,332,567,909
1704,45073-Ravenel,671,1167,1881
1705,45073-Seneca 2,539,1028,1592
1706,45073-Seneca 4,737,1109,1877
1707,45073-Newry-Corinth,57,183,240
1708,45073-Seneca 3,295,883,1188
1709,45073-Utica,163,333,504
1710,45073-Tamassee,121,890,1023
1711,45073-Madison,43,421,470
1712,45073-Holly Springs,11,284,296
1713,45075-Bethel,280,153,441
1714,45075-Bolentown,329,462,796
1715,45075-Bowman 1,606,294,905
1716,45075-Bowman 2,279,269,555
1717,45075-Branchville 1,262,443,710
1718,45075-Branchville 2,109,209,321
1719,45075-Brookdale,883,41,935
1720,45075-Cope,149,324,480
1721,45075-Cordova 1,415,525,947
1722,45075-Cordova 2,500,351,856
1723,45075-Edisto,171,550,732
1724,45075-Elloree 1,309,332,647
1725,45075-Elloree 2,328,120,452
1726,45075-Eutawville 1,398,633,1045
1727,45075-Eutawville 2,901,274,1182
1728,45075-Four Holes,97,281,381
1729,45075-Holly Hill 1,687,565,1262
1730,45075-Holly Hill 2,896,227,1134
1731,45075-Jamison,870,333,1216
1732,45075-Limestone 1,715,315,1045
1733,45075-Limestone 2,762,345,1119
1734,45075-Neeses-Livingston,208,528,742
1735,45075-Nix,590,34,632
1736,45075-North 1,399,405,812
1737,45075-North 2,369,528,900
1738,45075-Norway,442,380,830
1739,45075-Orangeburg Ward 1,259,144,409
1740,45075-Orangeburg Ward 10,433,169,611
1741,45075-Orangeburg Ward 2,206,26,237
1742,45075-Orangeburg Ward 3,429,24,457
1743,45075-Orangeburg Ward 4,265,13,283
1744,45075-Orangeburg Ward 5,223,24,250
1745,45075-Orangeburg Ward 6,285,85,378
1746,45075-Orangeburg Ward 7,374,162,543
1747,45075-Orangeburg Ward 8,262,161,427
1748,45075-Orangeburg Ward 9,264,73,342
1749,45075-Pinehill,380,325,713
1750,45075-Providence,477,221,704
1751,45075-Rowesville,185,197,385
1752,45075-Santee 1,457,713,1182
1753,45075-Santee 2,662,63,737
1754,45075-Springfield,404,403,816
1755,45075-Suburban 1,264,15,281
1756,45075-Suburban 2,311,11,324
1757,45075-Suburban 3,694,98,805
1758,45075-Suburban 4,126,61,189
1759,45075-Suburban 5,518,159,680
1760,45075-Suburban 6,249,233,485
1761,45075-Suburban 7,818,673,1509
1762,45075-Suburban 8,364,227,601
1763,45075-Suburban 9,682,139,832
1764,45075-Vance,702,315,1023
1765,45075-Whittaker,568,90,668
1766,45077-Abel,314,209,534
1767,45077-Albert R. Lewis,143,991,1140
1768,45077-Arial Mill,135,644,791
1769,45077-Brushy Creek,388,1064,1471
1770,45077-Calhoun,311,289,613
1771,45077-Cedar Rock,150,862,1024
1772,45077-Clemson,801,927,1768
1773,45077-Crescent Hill,132,889,1031
1774,45077-Crestview,265,984,1262
1775,45077-Crossroads,155,936,1106
1776,45077-Crosswell,189,931,1133
1777,45077-Dacusville,119,777,899
1778,45077-Easley,258,627,898
1779,45077-East Liberty,148,670,835
1780,45077-East Pickens,109,850,972
1781,45077-Flat Rock,159,871,1042
1782,45077-Forest Acres,221,624,862
1783,45077-Fruit Mountain,123,509,637
1784,45077-Georges Creek,192,631,835
1785,45077-Glassy Mountain,106,867,983
1786,45077-Griffin,141,1097,1246
1787,45077-Holly Springs,280,1093,1390
1788,45077-Issaqueena,308,289,619
1789,45077-Lawrence Chapel,252,750,1017
1790,45077-Lenhardt,337,1065,1426
1791,45077-McAlister,178,630,815
1792,45077-McKissick,219,633,865
1793,45077-Morrison,391,430,848
1794,45077-Mountain View,401,1346,1767
1795,45077-Nine Forks,132,1036,1179
1796,45077-Norris,136,794,937
1797,45077-North Central,280,647,953
1798,45077-North Liberty,149,699,861
1799,45077-North Pickens,172,936,1119
1800,45077-Pendleton,111,765,886
1801,45077-Pickensville,276,616,914
1802,45077-Pike,311,439,771
1803,45077-Pope Field,324,741,1084
1804,45077-Praters Creek,69,732,810
1805,45077-Pumpkintown,231,1132,1375
1806,45077-Rices Creek,149,846,1002
1807,45077-Rock Springs,302,786,1103
1808,45077-Saluda,187,662,851
1809,45077-Sheffield,235,892,1139
1810,45077-Simpson,308,407,725
1811,45077-Sitton,294,826,1130
1812,45077-Six Mile,154,1100,1268
1813,45077-Six Mile Mountain,194,1082,1291
1814,45077-Skelton,103,792,912
1815,45077-Smith Grove,130,549,682
1816,45077-South Central,296,495,806
1817,45077-South Pickens,246,647,907
1818,45077-Stone Church,471,428,933
1819,45077-Tri County,97,351,449
1820,45077-University,189,198,397
1821,45077-Vinland,137,701,844
1822,45077-West Central,289,334,635
1823,45077-West Liberty,155,917,1086
1824,45077-West Pickens,180,941,1136
1825,45077-Woodside,452,861,1329
1826,45077-Zion,149,661,818
1827,45079-Arcadia,672,407,1110
1828,45079-Ardincaple,237,20,259
1829,45079-Ballentine 1,485,752,1253
1830,45079-Ballentine 2,552,1115,1687
1831,45079-Beatty Road,298,66,369
1832,45079-Bluff,1067,76,1170
1833,45079-Blythewood 1,824,1036,1891
1834,45079-Blythewood 2,1051,977,2050
1835,45079-Blythewood 3,1818,820,2670
1836,45079-Bookman,1528,733,2293
1837,45079-Brandon 1,931,302,1259
1838,45079-Brandon 2,880,180,1083
1839,45079-Briarwood,1202,318,1542
1840,45079-Bridge Creek,1252,314,1606
1841,45079-Caughman Road,1084,321,1428
1842,45079-College Place,707,44,771
1843,45079-Cooper,434,476,923
1844,45079-Dennyside,373,256,650
1845,45079-Dentsville,1037,115,1167
1846,45079-Dutch Fork 1,399,776,1190
1847,45079-Dutch Fork 2,628,640,1292
1848,45079-Dutch Fork 3,758,1224,2021
1849,45079-Dutch Fork 4,611,735,1371
1850,45079-East Forest Acres,493,631,1146
1851,45079-Eastover,644,94,752
1852,45079-Edgewood,700,47,754
1853,45079-Estates,955,518,1506
1854,45079-Fairlawn,1619,329,1988
1855,45079-Fairwold,467,23,494
1856,45079-Friarsgate 1,701,553,1280
1857,45079-Friarsgate 2,578,489,1084
1858,45079-Gadsden,826,78,919
1859,45079-Garners,361,245,618
1860,45079-Greenview,939,41,989
1861,45079-Gregg Park,755,472,1243
1862,45079-Hampton,718,314,1068
1863,45079-Harbison 1,985,366,1377
1864,45079-Harbison 2,686,284,981
1865,45079-Hopkins 1,770,131,919
1866,45079-Hopkins 2,1045,187,1252
1867,45079-Horrell Hill,873,711,1604
1868,45079-Hunting Creek,260,171,438
1869,45079-Keels 1,1021,131,1169
1870,45079-Keels 2,758,82,854
1871,45079-Keenan,854,315,1192
1872,45079-Kelly Mill,1268,698,1997
1873,45079-Killian,1827,495,2364
1874,45079-Kingswood,1443,236,1720
1875,45079-Lake Carolina,1762,907,2716
1876,45079-Lincolnshire,1001,49,1069
1877,45079-Longcreek,3014,1737,4823
1878,45079-Longleaf,1033,144,1186
1879,45079-Lykesland,1025,337,1382
1880,45079-Mallet Hill,1205,511,1748
1881,45079-McEntire,375,220,601
1882,45079-Meadowfield,669,601,1295
1883,45079-Meadowlake,1076,66,1167
1884,45079-Midway,1266,207,1514
1885,45079-Mill Creek,739,203,953
1886,45079-Monticello,715,510,1247
1887,45079-North Forest Acres,554,372,945
1888,45079-North Springs 1,699,351,1068
1889,45079-North Springs 2,1388,658,2087
1890,45079-North Springs 3,1190,258,1474
1891,45079-Oak Pointe 1,558,481,1055
1892,45079-Oak Pointe 2,285,292,588
1893,45079-Oak Pointe 3,457,343,812
1894,45079-Oakwood,402,330,751
1895,45079-Old Friarsgate,573,386,971
1896,45079-Olympia,615,275,906
1897,45079-Parkridge 1,391,295,694
1898,45079-Parkridge 2,312,187,507
1899,45079-Parkway 1,1240,275,1541
1900,45079-Parkway 2,1261,348,1639
1901,45079-Parkway 3,1212,133,1362
1902,45079-Pennington 1,286,546,848
1903,45079-Pennington 2,623,528,1171
1904,45079-Pine Grove,747,118,878
1905,45079-Pine Lakes 1,810,84,906
1906,45079-Pine Lakes 2,1044,133,1201
1907,45079-Pinewood,1227,223,1476
1908,45079-Polo Road,1248,358,1644
1909,45079-Pontiac 1,1829,924,2806
1910,45079-Pontiac 2,2241,1020,3318
1911,45079-Rice Creek 1,1048,173,1239
1912,45079-Rice Creek 2,1617,402,2056
1913,45079-Ridge View 1,1541,419,2000
1914,45079-Ridge View 2,1709,477,2225
1915,45079-Ridgewood,347,17,379
1916,45079-Riverside,438,132,588
1917,45079-Riversprings 1,337,569,917
1918,45079-Riversprings 2,601,476,1096
1919,45079-Riversprings 3,562,671,1251
1920,45079-Riverwalk,1305,771,2116
1921,45079-Round Top,334,186,530
1922,45079-Sandlapper,1801,389,2219
1923,45079-Satchelford,491,581,1088
1924,45079-Skyland,412,123,551
1925,45079-South Beltline,577,250,843
1926,45079-South Forest Acres,562,630,1218
1927,45079-Spring Hill,564,2010,2615
1928,45079-Spring Valley,1345,698,2076
1929,45079-Spring Valley West,1412,376,1825
1930,45079-Springville 1,486,1220,1732
1931,45079-Springville 2,418,1178,1613
1932,45079-St. Andrews,542,184,738
1933,45079-Trenholm Road,381,393,789
1934,45079-Trinity,770,340,1125
1935,45079-Valhalla,840,646,1517
1936,45079-Valley State Park,1995,309,2341
1937,45079-Walden,459,103,571
1938,45079-Ward 1,495,207,729
1939,45079-Ward 10,674,337,1037
1940,45079-Ward 11,574,205,797
1941,45079-Ward 12,710,341,1077
1942,45079-Ward 13,1038,468,1534
1943,45079-Ward 14,804,411,1242
1944,45079-Ward 15,463,342,829
1945,45079-Ward 16,485,624,1122
1946,45079-Ward 17,673,630,1333
1947,45079-Ward 18,523,120,667
1948,45079-Ward 19,504,33,547
1949,45079-Ward 2,251,71,330
1950,45079-Ward 20,869,201,1106
1951,45079-Ward 21,761,58,834
1952,45079-Ward 22,723,53,798
1953,45079-Ward 23,467,247,732
1954,45079-Ward 24,382,456,850
1955,45079-Ward 25,435,835,1298
1956,45079-Ward 26,520,293,831
1957,45079-Ward 29,643,66,721
1958,45079-Ward 3,686,231,943
1959,45079-Ward 30,472,223,708
1960,45079-Ward 31,438,30,476
1961,45079-Ward 32,444,24,477
1962,45079-Ward 33,388,113,514
1963,45079-Ward 34,488,316,813
1964,45079-Ward 4,864,306,1194
1965,45079-Ward 5,307,230,550
1966,45079-Ward 6,628,321,971
1967,45079-Ward 7,457,20,491
1968,45079-Ward 8,116,4,123
1969,45079-Ward 9,358,20,391
1970,45079-Webber,510,244,764
1971,45079-Westminster,609,128,747
1972,45079-Whitewell,583,96,703
1973,45079-Wildewood,1181,927,2142
1974,45079-Woodfield,1098,342,1464
1975,45079-Woodlands,919,892,1847
1976,45081-Centennial,56,312,374
1977,45081-Fruit Hill,348,463,823
1978,45081-Higgins-Zoar,159,261,423
1979,45081-Holly,147,1048,1204
1980,45081-Hollywood,108,928,1053
1981,45081-Holstons,221,462,687
1982,45081-Pleasant Grove,120,637,773
1983,45081-Richland,66,369,441
1984,45081-Ridge Spring-Monetta,259,271,533
1985,45081-Saluda No. 1,406,326,744
1986,45081-Saluda No. 2,284,414,710
1987,45081-Sardis,106,709,822
1988,45081-Ward,174,251,426
1989,45083-Abner Creek Baptist,718,1717,2461
1990,45083-Airport,246,229,484
1991,45083-Anderson Mill Baptist,547,1017,1586
1992,45083-Anderson Mill Elementary,870,859,1761
1993,45083-Apalache Baptist,687,1723,2446
1994,45083-Arcadia Elementary,258,270,535
1995,45083-Beacon,449,117,573
1996,45083-Beech Springs Intermediate,453,974,1444
1997,45083-Ben Avon Methodist,367,726,1114
1998,45083-Bethany Wesleyan,292,966,1266
1999,45083-Blackstock,853,1175,2055
2000,45083-Boiling Springs 9th Grade,598,1126,1747
2001,45083-Boiling Springs Elementary,529,1184,1733
2002,45083-Boiling Springs High School,429,1144,1586
2003,45083-Boling Springs Jr. High,447,1259,1722
2004,45083-Broome High School,185,425,616
2005,45083-C.C. Woodson Recreation,661,86,752
2006,45083-Canaan,295,612,915
2007,45083-Cannons Elementary,436,726,1171
2008,45083-Carlisle Fosters Grove,423,1804,2244
2009,45083-Carlisle Wesleyan,228,1097,1339
2010,45083-Cavins Hobbysville,112,742,860
2011,45083-Chapman High School,388,900,1316
2012,45083-Cherokee Springs Fire Station,265,1053,1341
2013,45083-Chesnee Elementary,474,1619,2106
2014,45083-Chestnut Lake,493,946,1453
2015,45083-Clifton Glendale,197,880,1086
2016,45083-Converse,221,219,449
2017,45083-Converse Fire Station,231,569,808
2018,45083-Cooley Springs Baptist,351,1683,2063
2019,45083-Cornerstone Baptist,655,363,1041
2020,45083-Cowpens,226,967,1208
2021,45083-Croft Baptist,367,363,737
2022,45083-Cross Anchor Fire Station,110,503,617
2023,45083-Cudd Memorial,382,477,866
2024,45083-D. R. Hill Middle School,507,1567,2097
2025,45083-Daniel Morgan Technology Center,372,628,1013
2026,45083-Drayton,444,424,877
2027,45083-Duncan United Methodist,448,656,1114
2028,45083-E.P. Todd Elementary,930,884,1832
2029,45083-Eastside Baptist,514,647,1174
2030,45083-Enoree First Baptist,162,853,1027
2031,45083-Enoree River,214,1102,1324
2032,45083-Fairforest Elementary,296,899,1206
2033,45083-Fairgrounds,608,145,766
2034,45083-Gable Middle School,743,1898,2672
2035,45083-Gramling Methodist,189,1149,1351
2036,45083-Greater St. James,492,1322,1831
2037,45083-Hanging Rock,492,1065,1575
2038,45083-Hayne,309,347,668
2039,45083-Hearon Circle,490,289,786
2040,45083-Hendrix Elementary,671,1033,1731
2041,45083-Holly Springs Baptist,154,1126,1290
2042,45083-Holly Springs Motlow,261,1605,1880
2043,45083-Holy Communion,790,500,1305
2044,45083-Hope,358,418,787
2045,45083-Inman,432,1019,1471
2046,45083-Jesse Bobo Elementary,671,286,975
2047,45083-Jesse Boyd Elementary,496,389,897
2048,45083-Lake Bowen Baptist,351,1459,1828
2049,45083-Lake Cooley,267,991,1267
2050,45083-Landrum,276,932,1227
2051,45083-Landrum High School,397,1809,2220
2052,45083-Landrum United Methodist,306,964,1277
2053,45083-Lyman,1025,2515,3596
2054,45083-Lyman Elementary,349,1424,1787
2055,45083-Mayo Elementary,171,1289,1466
2056,45083-McCracken Middle School,762,857,1656
2057,45083-Middle Tyger,462,740,1223
2058,45083-Moore Duncan,486,769,1269
2059,45083-Morningside,545,893,1451
2060,45083-Motlow Creek Baptist,119,892,1019
2061,45083-Mt Calvary Presbyterian,293,2051,2362
2062,45083-Mt. Moriah Baptist,690,202,908
2063,45083-New Prospect,278,1548,1844
2064,45083-Oakland Elementary,320,1265,1598
2065,45083-Old Bridge,373,41,424
2066,45083-Pacolet Elementary School,371,1223,1611
2067,45083-Palmetto,222,581,809
2068,45083-Pauline Glenn Springs Elementary,119,759,888
2069,45083-Peach Blossom,510,806,1327
2070,45083-Pelham Fire Station,806,1406,2264
2071,45083-Poplar Springs Fire Station,668,1476,2181
2072,45083-Powell Saxon Una,528,260,801
2073,45083-R.D. Anderson Vocational,246,1128,1389
2074,45083-Rainbow,337,1554,1906
2075,45083-Reidville Elementary,642,1544,2208
2076,45083-Reidville Fire Station,544,1027,1586
2077,45083-River Ridge Elementary,335,755,1109
2078,45083-Roebuck Bethlehem,650,775,1439
2079,45083-Roebuck Elementary,1007,1050,2087
2080,45083-Shoally,548,964,1525
2081,45083-Silverhill Memorial UMC,626,227,868
2082,45083-Southport,252,401,663
2083,45083-Spartangreen,516,766,1296
2084,45083-St. John's Lutheran,439,676,1136
2085,45083-Startex Fire Station,286,313,606
2086,45083-Swofford Career Center,202,888,1095
2087,45083-Travelers Rest Baptist,551,809,1387
2088,45083-Trinity Methodist,658,634,1320
2089,45083-Trinity Presbyterian,641,948,1608
2090,45083-Two Mile Creek,699,1482,2202
2091,45083-Tyger River,508,1237,1766
2092,45083-Valley Falls,771,1614,2417
2093,45083-Victor Mill Methodist,475,765,1253
2094,45083-Wade Hampton,444,176,642
2095,45083-Wellford,804,1287,2116
2096,45083-West View Elementary,580,1105,1709
2097,45083-Whitlock Jr. High,207,428,644
2098,45083-Willow Creek,287,961,1263
2099,45083-Woodland Heights Recreation Center,670,495,1183
2100,45083-Woodruff Leisure Center,273,780,1063
2101,45085-Bates,338,9,354
2102,45085-Birnie,471,53,531
2103,45085-Burns-Downs,227,375,608
2104,45085-Causeway Branch 1,458,649,1123
2105,45085-Causeway Branch 2,315,426,745
2106,45085-Cherryvale,193,124,323
2107,45085-Crosswell,540,161,715
2108,45085-Dalzell 1,499,582,1092
2109,45085-Dalzell 2,390,355,752
2110,45085-Delaine,664,214,886
2111,45085-Ebenezer 1,483,410,907
2112,45085-Ebenezer 2,589,509,1113
2113,45085-Folsom Park,552,135,700
2114,45085-Furman,256,788,1052
2115,45085-Green Swamp 1,924,817,1761
2116,45085-Green Swamp 2,190,575,770
2117,45085-Hampton Park,230,263,503
2118,45085-Hillcrest,375,288,673
2119,45085-Horatio,263,83,350
2120,45085-Lemira,527,115,652
2121,45085-Loring,319,81,404
2122,45085-Magnolia-Harmony,293,69,367
2123,45085-Manchester Forest,438,559,1008
2124,45085-Mayesville,244,89,340
2125,45085-Mayewood,341,644,991
2126,45085-McCrays Mill 1,561,589,1159
2127,45085-McCrays Mill 2,607,787,1407
2128,45085-Millwood,231,209,451
2129,45085-Morris College,397,71,481
2130,45085-Mulberry,385,176,569
2131,45085-Oakland Plant 1,408,449,868
2132,45085-Oakland Plant 2,284,402,695
2133,45085-Oswego,321,537,863
2134,45085-Palmetto Park,456,381,846
2135,45085-Pinewood,490,623,1120
2136,45085-Pocotaligo 1,509,843,1366
2137,45085-Pocotaligo 2,377,430,813
2138,45085-Privateer,517,870,1403
2139,45085-Rembert,960,232,1206
2140,45085-Salem,179,45,226
2141,45085-Salterstown,247,360,617
2142,45085-Savage-Glover,252,10,266
2143,45085-Second Mill,301,973,1284
2144,45085-Shaw,49,73,122
2145,45085-South Liberty,257,67,326
2146,45085-South Red Bay,391,36,433
2147,45085-Spectrum,476,185,668
2148,45085-St. John,410,380,794
2149,45085-St. Paul,679,484,1180
2150,45085-Stone Hill,249,9,264
2151,45085-Sumter High 1,180,262,448
2152,45085-Sumter High 2,463,501,977
2153,45085-Sunset,527,530,1072
2154,45085-Swan Lake,341,458,813
2155,45085-Thomas Sumter,542,217,770
2156,45085-Turkey Creek,381,407,796
2157,45085-Wilder,441,52,498
2158,45085-Wilson Hall,425,1175,1616
2159,45087-Adamsburg,64,469,535
2160,45087-Black Rock,136,133,272
2161,45087-Bonham,206,459,672
2162,"45087-Buffalo, Box 1",195,557,760
2163,45087-Carlisle,258,52,313
2164,45087-Cross Keys,158,485,644
2165,45087-Excelsior,331,632,975
2166,"45087-Jonesville, Box 1",167,569,740
2167,"45087-Jonesville, Box 2",232,571,810
2168,45087-Kelton,199,503,708
2169,45087-Lockhart,79,361,445
2170,"45087-Monarch, Box 1",206,796,1010
2171,45087-Putnam,58,498,558
2172,45087-Santuck,267,272,543
2173,"45087-Union, Ward 1, Box 1",191,280,476
2174,"45087-Union, Ward 1, Box 2",395,266,670
2175,"45087-Union, Ward 2",327,286,619
2176,"45087-Union, Ward 3",202,166,372
2177,"45087-Union, Ward 4, Box 1",206,428,636
2178,"45087-Union, Ward 4, Box 2",104,68,173
2179,45087-West Springs,59,200,262
2180,45089-Black River,127,117,245
2181,45089-Bloomingvale,291,235,531
2182,45089-Cades,189,100,289
2183,45089-Cedar Swamp,113,108,222
2184,45089-Central,336,225,573
2185,45089-Earles,92,396,490
2186,45089-Greeleyville,636,181,829
2187,45089-Harmony,52,165,218
2188,45089-Hebron,42,290,333
2189,45089-Hemingway,569,376,955
2190,45089-Henry-Poplar Hill,157,188,351
2191,45089-Indiantown,669,173,852
2192,45089-Kingstree No.1,949,931,1905
2193,45089-Kingstree No.2,412,21,444
2194,45089-Kingstree No.3,1113,134,1267
2195,45089-Kingstree No.4,552,200,758
2196,45089-Lane,450,63,520
2197,45089-Morrisville,125,10,136
2198,45089-Mount Vernon,138,103,243
2199,45089-Muddy Creek,171,413,585
2200,45089-Nesmith,272,64,344
2201,45089-Pergamos,58,106,166
2202,45089-Piney Forest,9,284,294
2203,45089-Salters,496,134,643
2204,45089-Sandy Bay,54,189,243
2205,45089-Singletary,131,49,181
2206,45089-Suttons,44,146,190
2207,45089-Trio,384,121,518
2208,45091-Adnah,181,485,672
2209,45091-Airport,499,726,1236
2210,45091-Allison Creek,324,808,1148
2211,45091-Anderson Road,564,355,940
2212,45091-Baxter,504,520,1047
2213,45091-Bethany,281,1500,1798
2214,45091-Bethel,466,870,1353
2215,45091-Bethel School,257,768,1039
2216,45091-Bowling Green,211,977,1200
2217,45091-Bullocks Creek,52,321,378
2218,45091-Cannon Mill,320,839,1176
2219,45091-Carolina,563,766,1354
2220,45091-Catawba,533,1562,2112
2221,45091-Celanese,1133,939,2106
2222,45091-Clover,460,1178,1658
2223,45091-Cotton Belt,294,1298,1615
2224,45091-Crescent,722,995,1750
2225,45091-Delphia,325,1235,1574
2226,45091-Dobys Bridge,942,1807,2805
2227,45091-Ebenezer,338,625,972
2228,45091-Ebinport,934,1086,2052
2229,45091-Edgewood,1605,344,1980
2230,45091-Fairgrounds,793,250,1063
2231,45091-Ferry Branch,219,713,938
2232,45091-Fewell Park,434,545,998
2233,45091-Field Day,702,945,1660
2234,45091-Filbert,321,1426,1764
2235,45091-Fort Mill No. 1,952,1535,2532
2236,45091-Fort Mill No. 2,1720,2609,4412
2237,45091-Fort Mill No. 3,873,979,1885
2238,45091-Fort Mill No. 4,538,530,1086
2239,45091-Fort Mill No. 5,1137,1460,2630
2240,45091-Fort Mill No. 6,568,729,1327
2241,45091-Friendship,193,390,594
2242,45091-Gold Hill,1084,1397,2536
2243,45091-Hampton Mill,314,852,1178
2244,45091-Hands Mill,439,901,1358
2245,45091-Harvest,363,546,917
2246,45091-Hickory Grove,165,717,890
2247,45091-Highland Park,467,343,817
2248,45091-Hollis Lakes,694,694,1416
2249,45091-Hopewell,354,554,926
2250,45091-Independence,182,581,769
2251,45091-India Hook,518,766,1307
2252,45091-Kanawha,1007,1474,2523
2253,45091-Lakeshore,672,1225,1924
2254,45091-Lakewood,487,909,1415
2255,45091-Larne,428,736,1182
2256,45091-Laurel Creek,356,871,1240
2257,45091-Lesslie,298,908,1218
2258,45091-Manchester,482,544,1048
2259,45091-McConnells,295,1015,1325
2260,45091-Mill Creek,248,686,943
2261,45091-Mountain View,147,427,580
2262,45091-Mt. Gallant,478,903,1401
2263,45091-Mt. Holly,1041,1105,2172
2264,45091-Nation Ford,890,1313,2236
2265,45091-Neelys Creek,258,560,827
2266,45091-New Home,512,1398,1949
2267,45091-Newport,806,1078,1902
2268,45091-Northside,633,441,1091
2269,45091-Northwestern,776,1185,1978
2270,45091-Oakridge,687,1561,2277
2271,45091-Oakwood,579,776,1376
2272,45091-Ogden,819,862,1697
2273,45091-Old Pointe,591,623,1230
2274,45091-Orchard Park,702,1014,1756
2275,45091-Palmetto,646,734,1400
2276,45091-Pleasant Road,997,1253,2287
2277,45091-Pole Branch,620,1120,1765
2278,45091-River's Edge,910,1710,2662
2279,45091-River Hills,661,1087,1775
2280,45091-Riverview,474,702,1201
2281,45091-Rock Creek,315,903,1231
2282,45091-Rock Hill No. 2,892,76,984
2283,45091-Rock Hill No. 3,1205,193,1415
2284,45091-Rock Hill No. 4,832,608,1461
2285,45091-Rock Hill No. 5,569,483,1071
2286,45091-Rock Hill No. 6,665,205,884
2287,45091-Rock Hill No. 7,858,690,1572
2288,45091-Rock Hill No. 8,552,72,633
2289,45091-Roosevelt,508,822,1348
2290,45091-Rosewood,1060,907,2011
2291,45091-Sharon,243,917,1168
2292,45091-Shoreline,739,1062,1832
2293,45091-Six Mile,228,787,1027
2294,45091-Smyrna,61,546,612
2295,45091-Springdale,413,330,754
2296,45091-Springfield,643,1078,1757
2297,45091-Stateline,712,849,1597
2298,45091-Steele Creek,879,1082,2000
2299,45091-Tega Cay,424,605,1046
2300,45091-Tirzah,426,1380,1821
2301,45091-Tools Fork,562,984,1569
2302,45091-University,404,455,876
2303,45091-Waterstone,661,752,1439
2304,45091-Windjammer,660,930,1617
2305,45091-Wylie,788,1224,2034
2306,45091-York No. 1,1010,950,1993
2307,45091-York No. 2,1032,1335,2400
